,01.Well Identifier,02.Well Core Analysis Number,03.Well Core No,04.Core Interval Top,05.Core Interval Base,06.Core Recovered
0,00/05-21-077-23W5/0,86408,1,2452.0,2460.0,8.0
1,00/06-13-075-18W5/0,32773,1,2287.8,2304.3,16.5
2,00/06-13-075-18W5/0,32773,2,2320.0,2333.0,13.0
3,00/01-06-081-09W5/0,73894,1,1684.0,1694.0,10.0
4,00/05-34-080-09W5/0,28864,2,1692.0,1705.7,13.7
5,00/05-34-080-09W5/0,28864,3,1741.0,1747.0,6.0
6,00/04-09-079-10W5/0,50434,1,1765.4,1783.55,17.5
7,00/04-28-081-08W5/0,20105,1,1637.39,1655.67,18.28
8,00/04-28-081-08W5/0,20105,2,1655.67,1661.77,6.1
9,00/04-28-081-08W5/0,20105,3,1661.77,1673.35,11.58
10,00/04-28-081-08W5/0,20105,4,1741.02,1749.55,8.53
11,00/06-14-080-09W5/0,71951,1,1720.0,1735.0,12.0
12,00/10-27-080-09W5/0,21950,1,1687.68,1701.7,14.02
13,00/06-06-081-08W5/0,28827,1,1745.0,1759.5,14.5
14,00/03-15-080-09W5/0,71205,1,1717.0,1735.0,16.35
15,00/10-30-080-09W5/0,73701,1,1705.0,1709.5,4.4
16,00/09-25-081-09W5/0,74556,1,1718.0,1729.0,10.9
17,00/07-30-080-09W5/0,63803,1,1712.0,1725.0,12.0
18,00/06-16-080-09W5/0,58622,1,1726.0,1728.0,0.9
19,00/02-20-081-08W5/0,65464,1,1738.0,1750.0,11.75
20,00/06-30-080-09W5/0,54137,1,1713.0,1719.4,6.4
21,00/02-20-079-07W5/0,31235,1,1686.0,1696.0,10.0
22,00/02-34-078-08W5/0,30035,1,1722.0,1734.0,12.0
23,00/02-34-078-08W5/0,30035,2,1734.0,1743.0,9.0
24,00/04-21-081-08W5/0,20262,1,1657.5,1675.79,18.29
25,00/04-21-081-08W5/0,20262,2,1740.41,1758.7,18.29
26,00/02-08-079-07W5/0,34006,1,1688.8,1707.0,18.2
27,00/02-22-081-08W5/0,7114,1,1653.54,1671.8,18.26
28,00/02-22-081-08W5/0,7114,2,1671.8,1675.49,3.69
29,00/08-09-073-21W5/0,64763,1,2668.0,2678.5,8.75
30,00/08-09-073-21W5/0,64763,2,2678.5,2687.0,8.5
31,00/10-31-080-08W5/0,7095,1,1683.72,1697.74,14.02
32,00/10-08-080-07W5/0,67285,1,1672.5,1686.5,14.0
33,00/02-30-080-08W5/0,7096,1,1697.74,1709.01,11.27
34,00/02-30-080-08W5/0,7096,2,1709.32,1718.46,9.14
35,00/04-26-080-08W5/0,7135,1,1685.54,1694.08,8.54
36,00/04-26-080-08W5/0,7135,2,1694.08,1695.6,1.52
37,00/04-26-080-08W5/0,7135,3,1695.6,1699.66,4.06
38,00/04-26-080-08W5/0,7135,4,1699.66,1702.61,2.95
39,00/10-16-081-08W5/0,67713,1,1667.0,1685.0,18.0
40,00/04-08-080-07W5/0,31238,1,1685.25,1698.0,12.75
41,00/10-25-080-09W5/0,7125,2,1782.47,1795.27,12.8
42,00/10-25-080-09W5/0,7126,1,1700.78,1726.39,25.61
43,00/02-17-080-07W5/0,71544,1,1676.2,1679.8,3.0
44,00/02-17-080-07W5/0,71544,2,1679.8,1692.0,11.4
45,00/06-08-078-08W5/0,27992,1,1768.0,1786.0,18.0
46,00/12-30-078-07W5/0,53298,1,1718.0,1733.5,15.5
47,00/04-30-080-07W5/0,72760,1,1688.6,1698.3,9.7
48,00/04-14-078-08W5/0,20546,1,1737.36,1752.6,15.24
49,00/02-01-078-08W5/0,23915,1,1757.17,1770.28,13.11
50,00/13-20-071-21W5/0,34282,1,1360.0,1378.0,18.0
51,00/13-20-071-21W5/0,34282,2,2776.0,2786.0,10.0
52,00/13-20-071-21W5/0,34282,3,2786.0,2795.25,9.25
53,02/07-18-045-13W4/0,91648,1,1305.0,1323.25,18.25
54,02/07-18-045-13W4/0,91648,2,1365.0,1383.0,18.0
55,00/16-34-068-26W5/0,32982,1,3245.0,3263.2,18.2
56,00/15-25-077-08W5/0,72779,1,1771.4,1778.4,5.0
57,00/15-25-077-08W5/0,72779,2,1778.4,1783.4,4.3
58,00/06-17-068-04W6/0,6353,1,2478.33,2496.62,18.29
59,00/06-17-068-04W6/0,13106,2,3294.58,3313.27,18.69
60,00/06-17-068-04W6/0,13106,3,3313.27,3326.89,13.62
61,00/06-17-068-04W6/0,13106,4,3326.89,3332.99,6.1
62,00/06-17-068-04W6/0,13106,5,3332.99,3334.21,1.22
63,00/06-17-068-04W6/0,13106,6,3334.21,3340.3,6.09
64,00/06-17-068-04W6/0,13106,7,3340.3,3358.59,18.29
65,00/06-17-068-04W6/0,13106,8,3358.59,3368.34,9.75
66,02/06-15-045-15W4/0,50228,1,1680.0,1696.0,15.6
67,00/02-04-030-21W4/0,11560,1,1598.98,1603.25,4.27
68,00/01-28-057-03W5/0,29128,1,1227.0,1244.5,17.5
69,00/01-28-057-03W5/0,29128,2,1244.5,1261.0,16.5
70,00/06-14-069-20W5/0,51206,1,1476.0,1494.25,18.0
71,00/06-14-069-20W5/0,51206,2,2718.0,2736.2,18.2
72,00/06-14-069-20W5/0,51206,3,2820.0,2831.55,11.55
73,00/06-11-069-26W5/0,34744,1,3310.0,3319.2,9.2
74,00/06-11-069-26W5/0,34744,2,3319.2,3324.2,5.0
75,00/16-14-068-21W5/0,57848,1,2816.0,2834.0,18.0
76,00/16-14-068-21W5/0,57848,2,2926.0,2944.0,18.0
77,00/08-23-043-16W4/0,50970,1,1513.0,1531.0,18.0
78,00/08-23-043-16W4/0,50970,2,1784.2,1802.8,18.6
79,00/08-23-043-16W4/0,50970,3,1802.8,1812.2,9.4
80,00/02-23-066-25W5/0,17328,2,3371.7,3388.77,17.07
81,00/01-18-067-18W5/0,77956,1,2769.0,2787.0,17.3
82,00/01-18-067-18W5/0,77956,2,2787.0,2798.0,9.15
83,00/03-30-067-26W5/0,31586,1,2020.5,2028.4,7.9
84,00/03-30-067-26W5/0,31586,2,2028.4,2047.0,18.6
85,00/03-30-067-26W5/0,31586,3,3532.5,3543.55,11.05
86,00/12-36-064-19W5/0,64427,1,2940.0,2958.3,18.3
87,00/05-22-066-25W5/0,51156,1,3414.0,3424.8,9.1
88,00/10-32-063-21W5/0,18550,2,1150.62,1163.12,12.5
89,00/16-02-066-25W5/0,53543,1,3387.0,3398.0,1.1
90,00/16-02-066-25W5/0,53543,2,3398.0,3401.0,3.0
91,00/16-02-066-25W5/0,53543,3,3405.0,3410.1,3.2
92,00/02-13-061-13W5/0,29911,1,2568.0,2586.25,18.25
93,00/02-13-061-13W5/0,29911,2,2586.25,2604.5,18.25
94,00/02-15-067-18W5/0,50259,1,2818.0,2836.0,18.0
95,00/04-26-066-01W6/0,81046,1,3647.6,3659.6,11.85
96,00/04-26-066-01W6/0,81046,2,3659.6,3677.6,17.25
97,00/11-24-056-14W5/0,22621,1,2962.66,2972.1,9.44
98,00/11-24-056-14W5/0,22621,2,2972.1,2987.65,15.55
99,00/11-24-056-14W5/0,22621,3,2987.65,2998.62,10.97
100,00/11-24-056-14W5/0,22621,4,2998.62,3008.99,10.37
101,00/04-35-069-19W5/0,31564,1,2758.0,2776.0,18.0
102,00/08-33-031-22W4/0,70816,1,2245.0,2246.0,0.85
103,00/08-33-031-22W4/0,70816,2,2246.0,2264.4,18.4
104,00/08-33-031-22W4/0,70816,3,2264.4,2277.0,12.2
105,00/06-21-064-25W5/0,72335,1,2079.0,2088.15,9.15
106,00/06-21-064-25W5/0,72386,2,3608.0,3626.0,1.4
107,00/06-21-064-25W5/0,72386,3,3626.0,3644.0,18.0
108,00/13-20-065-02W6/0,80563,1,3944.0,3963.0,18.85
109,00/13-20-065-02W6/0,80563,2,3963.0,3973.0,9.5
110,00/13-20-065-02W6/0,80563,3,3973.0,3991.5,18.3
111,00/14-10-066-01W6/0,30948,1,2516.0,2524.2,8.2
112,00/05-36-061-18W5/0,34096,1,3024.0,3068.3,44.3
113,00/06-15-048-03W5/0,1275,1,1256.39,1270.71,14.32
114,00/06-15-048-03W5/0,1275,2,1270.71,1271.63,0.92
115,00/01-15-069-15W5/0,50446,1,2586.0,2604.0,18.0
116,00/01-15-069-15W5/0,50446,2,2604.0,2622.0,18.0
117,00/09-33-055-12W5/0,54466,1,1901.0,1910.72,7.4
118,00/09-33-055-12W5/0,54466,2,1910.72,1911.0,0.28
119,00/09-33-055-12W5/0,54466,3,1911.0,1924.0,13.0
120,00/09-34-053-14W5/0,84988,1,3172.2,3190.6,18.3
121,00/09-34-053-14W5/0,84988,2,3190.6,3209.05,18.45
122,00/05-31-062-13W5/0,31232,1,1729.0,1736.57,7.57
123,00/06-29-046-01W5/0,52020,1,940.0,958.3,18.3
124,00/06-29-046-01W5/0,52123,1,2410.0,2417.0,5.55
125,00/10-30-032-23W4/0,68761,1,2372.0,2389.5,16.3
126,00/10-30-032-23W4/0,68761,2,2389.5,2408.0,18.5
127,00/10-30-032-23W4/0,68761,3,2408.0,2426.8,18.8
128,02/10-14-033-24W4/0,67050,1,2377.6,2394.4,13.1
129,02/10-14-033-24W4/0,67050,2,2408.75,2414.0,5.05
130,00/05-31-062-24W5/0,82381,1,3681.0,3686.0,4.95
131,00/05-31-062-24W5/0,82381,2,3686.0,3690.0,2.8
132,00/14-02-063-10W5/0,51804,1,2496.0,2507.4,11.4
133,00/14-02-063-10W5/0,51804,2,2507.4,2515.95,8.55
134,00/16-36-069-18W5/0,29361,1,2732.0,2748.0,16.0
135,00/16-27-032-24W4/0,65125,1,2414.0,2432.0,18.0
136,00/16-27-032-24W4/0,65125,2,2432.0,2442.6,5.8
137,00/09-17-034-25W4/0,24724,1,2459.74,2463.39,3.65
138,00/11-36-062-25W5/0,83498,1,3699.0,3717.0,18.0
139,00/14-02-066-01W6/0,78167,1,1587.3,1587.31,0.0
140,00/14-02-066-01W6/0,78167,2,1608.7,1608.71,0.0
141,00/14-02-066-01W6/0,78167,3,1610.5,1610.51,0.0
142,00/14-02-066-01W6/0,78167,4,1619.0,1619.01,0.0
143,00/14-02-066-01W6/0,78167,5,1619.5,1619.51,0.0
144,00/14-02-066-01W6/0,78167,6,1822.3,1822.31,0.0
145,00/14-02-066-01W6/0,78167,7,1825.3,1825.31,0.0
146,00/14-02-066-01W6/0,78167,8,1828.2,1828.21,0.0
147,00/14-02-066-01W6/0,78167,9,1883.3,1883.31,0.0
148,00/14-02-066-01W6/0,78167,10,1883.8,1883.81,0.0
149,00/14-02-066-01W6/0,78167,11,1885.4,1885.41,0.0
150,00/14-02-066-01W6/0,78167,12,1886.0,1886.01,0.0
151,00/14-02-066-01W6/0,78167,13,2273.0,2273.01,0.0
152,00/14-02-066-01W6/0,78167,14,2372.5,2372.51,0.0
153,00/14-02-066-01W6/0,78167,15,2374.0,2374.01,0.0
154,00/14-02-066-01W6/0,78167,16,2375.2,2375.21,0.0
155,00/14-02-066-01W6/0,78167,17,2377.7,2377.71,0.0
156,00/14-02-066-01W6/0,78167,18,2383.0,2383.01,0.0
157,00/14-02-066-01W6/0,78167,19,2385.6,2385.61,0.0
158,00/14-02-066-01W6/0,78167,20,2392.0,2392.01,0.0
159,00/14-02-066-01W6/0,78167,21,2562.2,2562.21,0.0
160,00/14-02-066-01W6/0,78167,22,2564.2,2564.21,0.0
161,00/14-02-066-01W6/0,78167,23,2565.7,2565.71,0.0
162,00/14-02-066-01W6/0,78167,24,2566.7,2566.71,0.0
163,00/14-02-066-01W6/0,78167,25,2570.2,2570.21,0.0
164,00/10-12-063-15W5/0,81458,1,2764.0,2766.4,1.7
165,00/10-12-063-15W5/0,81458,2,2766.4,2776.6,9.6
166,00/10-12-063-15W5/0,81458,3,2776.6,2785.0,5.05
167,00/11-26-053-15W5/0,27453,1,3289.0,3307.2,18.2
168,00/11-26-053-15W5/0,27453,2,3307.2,3325.16,17.96
169,00/11-26-053-15W5/0,27453,3,3325.16,3343.6,18.44
170,00/11-06-064-26W5/0,72939,1,3865.4,3875.6,10.2
171,00/16-34-063-26W5/0,79354,1,3817.0,3820.4,2.2
172,00/16-34-063-26W5/0,79354,2,3820.4,3825.4,3.85
173,00/16-34-063-26W5/0,79354,3,3825.4,3837.2,9.55
174,00/16-34-063-26W5/0,79354,4,3837.2,3855.4,18.0
175,00/12-14-067-08W5/0,53113,1,2273.0,2286.0,10.8
176,00/12-14-067-08W5/0,53113,2,2286.6,2305.0,10.2
177,00/06-22-033-25W4/0,74273,1,2513.0,2531.0,17.7
178,00/06-22-033-25W4/0,74273,2,2531.0,2549.0,16.9
179,00/06-14-031-27W4/0,68744,1,2765.0,2783.0,18.0
180,00/06-14-031-27W4/0,68744,2,2783.0,2787.9,3.4
181,00/09-18-049-09W5/0,30991,1,2137.0,2142.91,5.91
182,00/09-18-049-09W5/0,30991,2,2142.91,2151.0,8.09
183,00/09-18-049-09W5/0,30991,3,2151.0,2165.52,14.52
184,00/09-18-049-09W5/0,30991,4,2165.52,2177.8,12.28
185,00/09-18-049-09W5/0,30991,5,2685.0,2703.0,18.0
186,00/09-18-049-09W5/0,30991,6,3202.0,3220.0,18.0
187,00/09-06-052-11W5/0,19801,1,1257.0,1259.95,2.95
188,00/09-06-052-11W5/0,19801,3,1299.97,1314.97,15.0
189,00/09-06-052-11W5/0,25373,8,2166.21,2182.98,16.77
190,00/14-20-053-15W5/0,28494,1,3380.0,3387.0,7.0
191,00/06-24-065-17W5/0,27915,1,2223.0,2233.0,10.0
192,00/06-24-065-17W5/0,27915,2,2233.0,2240.0,7.0
193,00/06-24-065-17W5/0,27915,3,2518.0,2527.0,9.0
194,00/09-29-065-15W5/0,50340,1,1702.4,1720.4,18.0
195,00/09-29-065-15W5/0,50340,2,2812.0,2830.0,18.0
196,00/09-29-065-15W5/0,50340,3,2830.0,2848.0,18.0
197,00/10-28-062-12W5/0,30649,1,2614.0,2632.2,18.2
198,00/06-13-052-16W5/0,32607,1,1867.4,1881.4,14.0
199,00/06-13-052-16W5/0,32698,2,1899.4,1917.6,18.2
200,00/06-13-052-16W5/0,32837,3,3092.6,3100.6,8.0
201,00/06-13-052-16W5/0,32837,4,3100.6,3118.3,17.7
202,00/01-18-044-03W5/0,54456,1,1772.6,1788.2,15.6
203,00/01-23-064-27W5/0,77604,1,1775.0,1788.95,13.95
204,00/01-23-064-27W5/0,77604,2,1788.95,1807.75,18.8
205,00/01-23-064-27W5/0,77662,9,1763.2,1763.21,0.0
206,00/01-23-064-27W5/0,77662,10,1763.8,1763.81,0.0
207,00/01-23-064-27W5/0,77662,11,1764.6,1764.61,0.0
208,00/01-23-064-27W5/0,77662,12,1983.8,1983.81,0.0
209,00/01-23-064-27W5/0,77662,13,1984.0,1984.01,0.0
210,00/01-23-064-27W5/0,77662,14,2512.5,2512.51,0.0
211,00/01-23-064-27W5/0,77662,15,2513.0,2513.01,0.0
212,00/01-23-064-27W5/0,77662,16,2513.2,2513.21,0.0
213,00/01-23-064-27W5/0,77662,17,2513.4,2513.41,0.0
214,00/01-23-064-27W5/0,77662,18,2513.6,2513.61,0.0
215,00/01-23-064-27W5/0,77662,19,2513.8,2513.81,0.0
216,00/01-23-064-27W5/0,77662,20,2514.0,2514.01,0.0
217,00/01-23-064-27W5/0,77662,21,2514.5,2514.51,0.0
218,00/01-23-064-27W5/0,77757,3,3901.0,3906.6,0.6
219,00/01-23-064-27W5/0,77757,4,3906.6,3909.8,0.5
220,00/01-23-064-27W5/0,77757,5,3909.8,3912.8,1.3
221,00/01-23-064-27W5/0,77757,6,3912.8,3915.8,1.2
222,00/01-23-064-27W5/0,77757,7,3915.8,3923.6,3.65
223,00/01-23-064-27W5/0,77757,8,3923.6,3931.8,6.75
224,02/14-20-047-09W5/0,29195,1,2285.0,2299.8,14.8
225,02/14-20-047-09W5/0,29195,2,2299.8,2305.2,5.4
226,02/14-20-047-09W5/0,29195,3,2852.0,2870.2,18.2
227,02/14-20-047-09W5/0,29195,4,2870.2,2897.6,27.4
228,00/16-01-061-22W5/0,33053,1,1868.0,1886.0,18.0
229,00/16-01-061-22W5/0,33053,2,1886.0,1904.0,18.0
230,00/16-01-061-22W5/0,33053,3,3418.0,3436.0,18.0
231,00/11-14-064-27W5/0,78295,4,3901.5,3911.0,9.5
232,00/11-14-064-27W5/0,78307,1,1785.0,1803.2,18.05
233,00/11-14-064-27W5/0,78308,2,2538.0,2539.8,1.7
234,00/11-14-064-27W5/0,78308,3,2539.8,2549.1,9.3
235,00/11-14-064-27W5/0,78809,5,3929.0,3942.4,12.4
236,00/11-14-064-27W5/0,78809,6,3942.4,3952.6,10.15
237,00/11-14-064-27W5/0,78809,7,3952.6,3963.2,10.6
238,00/08-18-052-14W5/0,31335,1,1799.0,1800.05,1.05
239,00/08-18-052-14W5/0,31335,2,1800.05,1817.8,17.75
240,00/04-23-040-07W5/0,19635,1,1989.73,2005.58,15.85
241,00/04-23-040-07W5/0,19635,2,2006.19,2015.95,9.76
242,00/07-01-041-03W5/0,64278,1,2774.0,2783.0,9.0
243,00/07-01-041-03W5/0,64278,2,2783.0,2789.0,5.8
244,00/07-01-041-03W5/0,64278,3,2789.0,2797.0,7.75
245,00/07-01-041-03W5/0,64278,4,2797.0,2800.4,3.4
246,00/07-01-041-03W5/0,64278,5,2800.4,2807.8,7.4
247,00/07-01-041-03W5/0,64278,6,2807.8,2813.4,5.6
248,00/07-01-041-03W5/0,64278,7,2813.4,2831.6,18.2
249,00/03-22-052-19W5/0,27675,1,2592.0,2595.7,3.7
250,00/03-22-052-19W5/0,27675,2,2595.7,2614.0,18.3
251,00/03-09-065-12W5/0,27527,1,2697.5,2715.75,18.25
252,00/03-09-065-12W5/0,27527,2,2715.75,2734.0,18.25
253,00/04-35-050-18W5/0,83870,1,4035.0,4053.0,18.0
254,00/06-21-051-18W5/0,61096,1,3588.0,3603.8,15.75
255,00/06-06-065-15W5/0,28901,1,1725.0,1741.0,16.0
256,00/06-06-065-15W5/0,28901,2,1741.0,1755.7,14.7
257,00/06-06-065-15W5/0,28901,3,2490.0,2491.3,1.3
258,00/06-06-065-15W5/0,28901,4,2491.3,2509.0,17.7
259,00/06-06-065-15W5/0,28901,5,2509.0,2515.0,6.0
260,00/11-25-062-16W5/0,27437,1,1659.0,1677.0,18.0
261,00/11-25-062-16W5/0,27437,2,1858.0,1873.4,15.4
262,00/11-25-062-16W5/0,27437,3,1873.4,1891.6,18.2
263,00/02-35-062-12W5/0,32642,1,2683.0,2701.07,18.07
264,00/02-35-062-12W5/0,32642,2,2701.07,2707.7,6.63
265,00/02-35-062-12W5/0,32642,3,2707.7,2716.5,8.8
266,00/09-29-055-18W5/0,81268,1,3606.0,3624.35,18.35
267,00/09-29-055-18W5/0,81268,2,3624.35,3642.85,18.5
268,00/09-29-055-18W5/0,81281,3,2558.3,2558.31,0.0
269,00/09-29-055-18W5/0,81281,4,2559.4,2559.41,0.0
270,00/09-29-055-18W5/0,81281,5,2567.7,2567.71,0.0
271,00/09-29-055-18W5/0,81281,6,2571.8,2571.81,0.0
272,00/09-29-055-18W5/0,81281,7,2574.7,2574.71,0.0
273,00/09-29-055-18W5/0,81281,8,2578.3,2578.31,0.0
274,00/09-29-055-18W5/0,81281,9,2580.5,2580.51,0.0
275,00/09-29-055-18W5/0,81281,10,2582.5,2582.51,0.0
276,00/09-29-055-18W5/0,81281,11,2583.3,2583.31,0.0
277,00/09-29-055-18W5/0,81281,12,2586.7,2586.71,0.0
278,00/07-05-058-18W5/0,29741,1,2397.0,2415.0,18.0
279,00/07-05-058-18W5/0,29741,2,2415.0,2433.0,18.0
280,00/07-05-058-18W5/0,32429,3,3490.0,3503.0,13.0
281,00/11-16-049-14W5/0,28055,2,2145.0,2149.5,4.5
282,00/11-01-056-18W5/0,30718,1,3623.3,3627.4,4.1
283,00/11-01-056-18W5/0,30718,2,3627.4,3643.2,15.8
284,00/05-07-056-24W5/0,30114,1,2300.0,2316.0,16.0
285,00/10-01-056-19W5/0,74262,1,2562.8,2579.8,16.15
286,00/10-01-056-19W5/0,74262,2,3686.0,3699.0,0.9
287,00/10-01-056-19W5/0,74262,3,3700.0,3705.0,4.75
288,00/10-01-056-19W5/0,74296,4,2336.0,2336.01,0.0
289,00/10-01-056-19W5/0,74296,5,2336.5,2336.51,0.0
290,00/10-01-056-19W5/0,74296,6,2364.0,2364.01,0.0
291,00/10-01-056-19W5/0,74296,7,2364.5,2364.51,0.0
292,00/10-01-056-19W5/0,74296,8,2610.0,2610.01,0.0
293,00/10-01-056-19W5/0,74296,9,2613.0,2613.01,0.0
294,00/10-01-056-19W5/0,74296,10,2616.0,2616.01,0.0
295,00/10-01-056-19W5/0,74296,11,2621.0,2621.01,0.0
296,00/10-01-056-19W5/0,74296,12,2639.5,2639.51,0.0
297,00/10-01-056-19W5/0,74296,13,2640.6,2640.61,0.0
298,00/10-01-056-19W5/0,74296,14,2720.0,2720.01,0.0
299,00/10-01-056-19W5/0,74296,15,2765.5,2765.51,0.0
300,00/14-17-055-19W5/0,22234,1,2050.08,2066.85,16.77
301,00/14-17-055-19W5/0,22234,2,2701.14,2710.89,9.75
302,00/14-17-055-19W5/0,22234,3,2796.54,2813.91,17.37
303,00/04-12-066-13W5/0,29950,1,2831.0,2849.0,18.0
304,00/04-12-066-13W5/0,29950,2,2867.0,2880.0,13.0
305,00/06-29-045-14W5/0,28434,1,3840.6,3853.85,13.25
306,00/06-29-045-14W5/0,28434,2,3853.85,3863.0,9.15
307,00/06-29-045-14W5/0,28434,3,3864.0,3868.82,4.82
308,00/06-29-045-14W5/0,28434,4,3868.82,3893.0,24.18
309,00/02-32-064-13W5/0,53465,1,2860.0,2878.2,18.2
310,00/11-22-044-16W5/0,28066,4,4726.0,4744.0,18.0
311,00/11-22-044-16W5/0,28066,5,4744.0,4751.5,7.5
312,00/11-22-044-16W5/0,28066,6,4751.5,4761.0,9.5
313,00/11-22-044-16W5/0,28066,7,4761.0,4771.0,10.0
314,00/11-22-044-16W5/0,28066,8,4771.0,4777.5,6.5
315,00/06-26-047-15W5/0,18681,1,1790.7,1808.38,17.68
316,00/03-12-045-17W5/0,30161,1,2886.0,2891.0,5.0
317,00/03-12-045-17W5/0,30161,2,2908.0,2926.0,18.0
318,00/11-14-066-13W5/0,53143,1,2879.0,2897.25,18.25
319,00/11-14-066-13W5/0,53143,2,2897.25,2915.5,17.5
320,00/11-25-047-18W5/0,32048,1,2722.0,2739.95,17.95
321,00/11-25-047-18W5/0,32048,2,2739.95,2747.6,7.65
322,00/11-25-047-18W5/0,32048,3,2747.6,2748.1,0.5
323,00/11-25-047-18W5/0,32048,4,2748.1,2752.6,4.5
324,00/11-25-047-18W5/0,32273,5,4583.4,4591.7,8.3
325,00/11-25-047-18W5/0,32273,6,4592.66,4611.0,18.34
326,00/11-25-047-18W5/0,32273,7,4611.33,4620.33,9.0
327,00/11-25-047-18W5/0,32273,8,4621.2,4639.2,18.0
328,00/10-07-047-17W5/0,29207,1,2759.0,2776.5,17.5
329,00/10-07-047-17W5/0,29207,2,2776.5,2791.5,15.0
330,00/10-07-047-17W5/0,29207,3,4643.1,4660.8,17.7
331,00/08-23-043-16W5/0,30476,1,2894.0,2909.2,15.2
332,00/08-23-043-16W5/0,31210,2,3931.0,3934.2,3.2
333,00/08-23-043-16W5/0,31210,3,3934.2,3938.88,4.68
334,00/01-09-040-12W5/0,50861,1,3296.0,3305.6,9.6
335,00/01-09-040-12W5/0,50861,2,3305.6,3323.8,18.2
336,00/04-04-036-10W5/0,84953,1,1424.0,1434.2,9.8
337,00/04-04-036-10W5/0,84953,2,1434.2,1441.8,7.25
338,00/10-27-060-27W4/0,8585,2,1917.8,1934.57,16.77
339,00/10-16-060-27W4/0,10170,1,1937.0,1955.29,18.29
340,00/10-16-060-27W4/0,10170,2,1955.29,1973.58,18.29
341,00/10-16-060-27W4/0,10170,3,1973.58,1991.87,18.29
342,00/10-12-071-21W5/0,8239,1,867.16,885.44,18.28
343,00/10-12-071-21W5/0,8240,3,2641.4,2659.68,18.28
344,00/10-12-071-21W5/0,8241,2,1274.06,1292.35,18.29
345,00/10-35-059-03W5/0,2838,2,2128.11,2146.4,18.29
346,00/16-20-054-25W4/0,5981,1,1115.57,1130.81,15.24
347,00/16-20-054-25W4/0,5981,2,1130.81,1146.05,15.24
348,00/07-06-065-04W5/0,21016,1,1972.06,1986.99,14.93
349,00/10-29-066-25W5/0,23751,1,3377.79,3391.51,13.72
350,00/15-28-067-21W5/0,53758,1,2594.15,2595.07,0.0
351,00/15-28-067-21W5/0,53758,2,2595.07,2598.42,0.0
352,00/15-28-067-21W5/0,53758,3,2996.79,2999.84,0.0
353,00/11-11-078-12W5/0,25394,1,1986.69,1995.83,9.14
354,00/11-30-069-19W5/0,22771,1,2686.51,2704.8,18.29
355,00/11-30-069-19W5/0,22771,2,2704.8,2712.42,7.62
356,00/11-09-052-26W4/0,23157,1,1895.86,1897.08,1.22
357,00/11-09-052-26W4/0,23157,2,1897.08,1915.36,18.28
358,00/06-23-072-18W5/0,26088,1,2502.41,2520.7,18.29
359,00/06-23-072-18W5/0,26088,2,2520.7,2525.88,5.18
360,00/07-29-072-22W5/0,23786,1,2427.12,2442.36,15.24
361,00/10-13-069-20W5/0,21946,3,2702.36,2718.82,16.46
362,00/10-13-069-20W5/0,21946,4,2719.43,2737.71,18.28
363,00/10-13-069-20W5/0,21946,5,2737.71,2747.77,10.06
364,00/14-29-069-19W5/0,17818,1,1454.51,1459.99,5.48
365,00/14-29-069-19W5/0,17818,2,1459.99,1467.0,7.01
366,00/02-18-057-06W5/0,2849,1,1389.28,1406.04,16.76
367,00/10-11-066-22W5/0,26736,1,1725.17,1743.46,18.29
368,00/10-11-066-22W5/0,26736,2,1743.46,1747.67,4.21
369,00/16-17-069-19W5/0,22272,1,2673.1,2681.63,8.53
370,00/16-17-069-19W5/0,22272,2,2681.63,2699.92,18.29
371,00/16-17-069-19W5/0,22272,3,2699.92,2710.59,10.67
372,00/16-17-069-19W5/0,22272,4,2710.59,2728.87,18.28
373,00/12-15-064-19W5/0,2719,1,2938.58,2955.95,17.37
374,00/12-15-064-19W5/0,2719,2,2955.95,2973.32,17.37
375,00/02-15-064-19W5/0,2721,1,2914.8,2945.19,30.39
376,00/02-15-064-19W5/0,2721,2,2945.19,2976.07,30.88
377,00/07-22-064-19W5/0,13635,2,2926.08,2948.94,22.86
378,00/07-22-064-19W5/0,13635,3,2948.94,2979.42,30.48
379,00/07-22-064-19W5/0,13635,4,3007.77,3012.34,4.57
380,00/12-34-054-07W5/0,1727,1,1548.38,1566.67,18.29
381,00/12-34-054-07W5/0,1727,2,2450.59,2468.58,17.99
382,00/12-34-054-07W5/0,1727,3,2505.46,2523.74,18.28
383,00/12-34-054-07W5/0,1727,4,2523.74,2542.03,18.29
384,00/10-34-064-19W5/0,2702,1,1391.41,1407.87,16.46
385,00/10-34-064-19W5/0,2703,3,2892.55,2915.38,22.83
386,00/10-34-064-19W5/0,2703,4,2915.38,2938.27,22.89
387,00/10-34-064-19W5/0,2703,5,2938.27,2953.51,15.24
388,00/10-02-067-21W5/0,8099,1,1707.79,1726.69,18.9
389,00/02-01-067-19W5/0,18555,1,2770.94,2807.82,36.88
390,00/07-10-058-13W5/0,23895,1,2734.06,2752.34,18.28
391,00/07-10-058-13W5/0,23895,2,2752.34,2770.63,18.29
392,02/05-20-042-17W4/0,53219,1,1663.6,1670.61,0.0
393,00/02-02-064-19W5/0,2740,1,2982.47,2995.27,12.8
394,00/04-32-066-18W5/0,52264,1,2791.36,2809.65,17.98
395,00/04-32-066-18W5/0,52264,2,2809.65,2813.3,2.59
396,00/04-32-066-18W5/0,52264,3,2813.3,2815.74,1.52
397,00/04-32-066-18W5/0,52264,4,2815.74,2824.28,7.71
398,00/04-32-066-18W5/0,52264,5,2824.28,2829.46,4.18
399,00/04-32-066-18W5/0,52270,1,2791.36,2809.65,17.98
400,00/04-32-066-18W5/0,52270,2,2809.65,2813.3,2.59
401,00/04-32-066-18W5/0,52270,3,2813.91,2815.74,1.52
402,00/04-32-066-18W5/0,52270,4,2815.74,2824.28,7.71
403,00/04-32-066-18W5/0,52270,5,2824.28,2829.46,4.18
404,00/07-30-050-22W4/0,18714,2,1204.57,1207.62,3.05
405,00/07-30-050-22W4/0,18714,3,1207.92,1213.1,5.18
406,00/07-30-050-22W4/0,18714,4,1213.41,1217.07,3.66
407,00/07-30-050-22W4/0,18714,5,1217.37,1221.94,4.57
408,00/07-30-050-22W4/0,18714,6,1222.25,1226.82,4.57
409,00/07-30-050-22W4/0,18714,7,1227.12,1231.7,4.58
410,00/07-30-050-22W4/0,18714,8,1351.79,1354.84,3.05
411,00/10-16-064-19W5/0,2717,1,2967.53,2975.0,7.47
412,00/10-16-064-19W5/0,2717,2,2975.0,3017.52,42.52
413,00/04-34-067-18W5/0,8103,3,2773.98,2789.22,15.24
414,00/10-26-066-19W5/0,18554,1,2817.88,2859.02,41.14
415,00/10-26-066-19W5/0,18554,2,2859.02,2860.55,1.53
416,00/10-26-066-19W5/0,18554,3,2861.16,2866.64,5.48
417,00/10-26-066-19W5/0,18554,4,2866.95,2884.32,17.37
418,00/12-09-064-19W5/0,2727,1,2972.41,3017.22,44.81
419,00/12-09-064-19W5/0,2727,2,3017.22,3048.0,30.78
420,00/02-28-063-20W5/0,18549,1,1551.43,1569.72,18.29
421,00/02-28-063-20W5/0,18549,2,1569.72,1584.35,14.63
422,00/10-17-064-19W5/0,13638,1,3003.8,3033.37,29.57
423,00/10-17-064-19W5/0,13638,2,3033.37,3048.61,15.24
424,00/12-22-063-19W5/0,2780,1,1804.42,1818.74,14.32
425,00/12-22-063-19W5/0,2781,2,2999.84,3015.08,15.24
426,00/12-22-063-19W5/0,2781,3,3015.69,3031.24,15.55
427,00/12-22-063-19W5/0,2781,4,3031.24,3046.48,15.24
428,00/12-22-063-19W5/0,2781,5,3046.78,3062.02,15.24
429,00/12-22-063-19W5/0,2781,6,3062.33,3077.57,15.24
430,00/11-06-067-26W5/0,18125,1,3176.32,3197.66,21.34
431,00/11-06-067-26W5/0,18125,2,3197.66,3211.37,13.71
432,00/11-06-067-26W5/0,18125,3,3211.98,3227.53,15.55
433,00/11-06-067-26W5/0,18125,4,3243.38,3261.36,17.98
434,00/11-06-067-26W5/0,18125,5,3261.36,3266.85,5.49
435,00/11-06-067-26W5/0,18125,6,3266.85,3277.21,10.36
436,00/10-18-063-19W5/0,2789,1,1563.62,1578.86,15.24
437,00/10-18-063-19W5/0,2789,2,1838.25,1856.54,18.29
438,00/10-22-059-13W5/0,2832,2,2670.05,2685.29,15.24
439,00/11-02-066-25W5/0,10063,1,3430.22,3448.51,18.29
440,00/11-02-066-25W5/0,10063,2,3448.51,3455.21,6.7
441,00/05-05-064-18W5/0,2748,3,2969.97,2983.38,13.41
442,00/05-05-064-18W5/0,2748,4,2983.38,2991.0,7.62
443,00/07-33-063-19W5/0,2759,1,2988.87,3004.11,15.24
444,00/07-33-063-19W5/0,2759,2,3004.41,3041.9,37.49
445,00/07-33-063-19W5/0,2759,3,3041.9,3057.14,15.24
446,00/07-33-063-19W5/0,2759,5,3087.93,3104.69,16.76
447,00/04-11-065-19W5/0,8743,1,1422.81,1435.3,12.49
448,00/04-11-065-19W5/0,8744,3,2941.32,2959.3,17.98
449,00/04-11-065-19W5/0,8744,4,2959.3,2977.29,17.99
450,00/04-11-065-19W5/0,8744,6,2995.27,3009.9,14.63
451,00/10-05-065-23W5/0,17018,2,3365.91,3384.19,18.28
452,00/10-05-065-23W5/0,17018,3,3413.76,3419.25,5.49
453,00/10-05-065-23W5/0,17018,4,3419.55,3429.3,9.75
454,00/10-05-065-23W5/0,17019,1,1601.11,1616.35,15.24
455,00/11-28-068-19W5/0,23186,1,1578.25,1596.54,18.29
456,00/02-27-063-19W5/0,2776,1,1794.36,1812.65,18.29
457,00/02-27-063-19W5/0,2776,2,3002.28,3070.56,68.28
458,00/02-18-063-18W5/0,18223,2,2959.3,2986.13,26.83
459,00/02-18-063-18W5/0,18223,3,2986.13,3016.21,30.08
460,00/02-18-063-18W5/0,18223,4,3016.21,3043.43,27.22
461,00/02-18-063-18W5/0,18223,5,3043.43,3058.67,15.24
462,00/10-01-065-18W5/0,8758,2,1644.7,1659.64,14.94
463,00/10-01-065-18W5/0,8759,5,2897.12,2899.29,2.17
464,00/10-01-065-18W5/0,8759,6,2899.29,2913.58,14.29
465,00/10-01-065-18W5/0,13682,1,1382.27,1397.51,15.24
466,00/10-16-064-23W5/0,25055,1,1479.5,1480.11,0.61
467,00/10-16-064-23W5/0,25055,2,1480.11,1491.69,11.58
468,00/06-23-063-18W5/0,22428,1,2909.62,2927.91,18.29
469,00/06-23-063-18W5/0,22428,2,2928.21,2946.5,18.29
470,00/06-23-063-18W5/0,22428,3,2946.81,2965.09,18.28
471,00/06-23-063-18W5/0,22428,4,2965.4,2983.69,18.29
472,00/06-05-055-14W5/0,25511,1,2607.87,2617.62,9.75
473,00/06-05-055-14W5/0,25511,2,2617.62,2620.06,2.44
474,00/06-05-055-14W5/0,25511,3,2620.06,2632.56,12.5
475,00/06-05-055-14W5/0,25511,4,2632.56,2650.85,18.29
476,00/06-05-055-14W5/0,25511,5,2650.85,2667.91,17.06
477,00/04-36-065-07W5/0,8081,1,2180.23,2192.43,12.2
478,00/11-26-057-13W5/0,22496,1,2846.83,2862.38,15.55
479,00/10-15-067-18W5/0,8106,3,2806.6,2824.76,18.16
480,00/10-15-067-18W5/0,8106,4,2824.76,2842.56,17.8
481,00/04-03-067-18W5/0,6973,2,2813.3,2837.69,24.39
482,00/04-03-067-18W5/0,6973,3,2837.69,2859.02,21.33
483,00/04-03-067-18W5/0,6973,4,2859.02,2900.49,41.47
484,00/11-33-056-13W5/0,26203,1,2843.78,2861.16,17.38
485,00/11-33-056-13W5/0,26203,2,2861.16,2933.4,72.24
486,00/10-18-066-17W5/0,17689,1,2801.11,2827.02,25.91
487,00/10-18-066-17W5/0,17689,2,2827.02,2852.93,25.91
488,00/10-25-063-18W5/0,2891,1,1759.92,1763.57,3.65
489,00/10-25-063-18W5/0,2891,2,1763.57,1766.62,3.05
490,00/10-25-063-18W5/0,16611,3,2959.91,2975.76,15.85
491,00/06-03-051-07W5/0,27211,1,1804.42,1810.51,6.11
492,00/06-03-051-07W5/0,27211,2,1810.51,2295.4,484.89
493,00/02-14-064-18W5/0,8093,1,2955.95,2972.71,16.76
494,00/10-29-059-18W5/0,21166,1,3145.54,3154.98,9.44
495,00/10-29-059-18W5/0,21166,2,3154.98,3160.17,5.19
496,00/10-29-059-18W5/0,21166,3,3160.17,3169.31,9.14
497,00/10-29-059-18W5/0,21166,4,3169.31,3176.32,7.01
498,00/10-29-059-18W5/0,21166,5,3176.32,3184.55,8.23
499,00/10-29-059-18W5/0,21166,6,3184.55,3194.91,10.36
500,00/10-29-059-18W5/0,21166,7,3194.91,3200.4,5.49
501,00/12-25-069-19W5/0,23414,1,2727.96,2745.94,17.98
502,00/06-10-061-17W5/0,26765,3,2962.66,3016.4,53.74
503,00/11-32-056-13W5/0,26605,3,2970.86,2971.16,0.3
504,00/11-32-056-13W5/0,26605,4,2971.16,2971.31,0.15
505,00/11-32-056-13W5/0,26676,1,2916.33,2934.61,18.28
506,00/11-32-056-13W5/0,26676,2,2934.61,2952.9,18.29
507,00/11-32-056-13W5/0,26676,3,2952.9,2971.19,18.29
508,00/11-32-056-13W5/0,26676,4,2971.19,2989.06,17.87
509,00/11-27-062-20W5/0,2824,1,1263.4,1271.02,7.62
510,00/11-27-062-20W5/0,2826,2,1657.81,1666.95,9.14
511,00/11-27-062-20W5/0,2826,3,1666.95,1674.57,7.62
512,00/11-27-062-20W5/0,13692,5,3179.67,3187.6,7.93
513,00/11-27-062-20W5/0,13692,6,3187.9,3195.95,8.05
514,00/11-27-062-20W5/0,13692,7,3195.95,3202.23,6.28
515,00/04-22-066-23W5/0,8117,1,1975.1,1993.39,18.29
516,00/04-22-066-23W5/0,8117,2,2801.72,2824.58,22.86
517,00/04-22-066-23W5/0,8117,3,2824.58,2843.78,19.2
518,00/04-22-066-23W5/0,8118,4,3310.13,3320.49,10.36
519,00/04-22-066-23W5/0,8118,5,3320.8,3326.59,5.79
520,00/04-22-066-23W5/0,8118,6,3326.89,3335.12,8.23
521,00/10-18-065-23W5/0,14044,9,1159.76,1174.09,14.33
522,00/10-18-065-23W5/0,14045,12,3421.99,3436.62,14.63
523,00/12-35-061-18W5/0,25399,1,2037.59,2049.17,11.58
524,00/12-35-061-18W5/0,25399,2,2996.18,3014.47,18.29
525,00/12-35-061-18W5/0,25399,3,3014.78,3029.71,14.93
526,00/12-35-061-18W5/0,25399,4,3029.71,3048.0,18.29
527,00/12-35-061-18W5/0,25399,5,3048.0,3066.29,18.29
528,00/12-35-061-18W5/0,25399,6,3066.29,3084.58,18.29
529,00/12-35-061-18W5/0,25399,7,3084.58,3102.86,18.28
530,00/10-14-054-16W5/0,26906,1,3329.33,3346.5,17.17
531,00/06-13-060-18W5/0,26245,4,3080.31,3084.58,4.27
532,00/06-13-060-18W5/0,26245,5,3084.58,3094.33,9.75
533,00/06-13-060-18W5/0,53198,1,1994.92,2005.58,10.4
534,00/06-13-060-18W5/0,53198,2,2005.58,2019.91,13.4
535,00/06-13-060-18W5/0,53198,3,3076.65,3079.39,1.2
536,00/06-13-060-18W5/0,53198,4,3079.39,3084.27,2.7
537,00/06-13-060-18W5/0,53198,5,3084.27,3102.86,18.59
538,00/06-13-060-18W5/0,55961,4,3080.31,3084.58,2.7
539,00/06-13-060-18W5/0,55961,5,3084.58,3094.33,9.74
540,00/12-33-055-13W5/0,1713,3,2994.05,3017.22,23.17
541,00/12-33-055-13W5/0,1713,4,3017.82,3044.04,26.22
542,00/02-33-065-07W5/0,8082,1,2254.0,2264.66,10.66
543,00/07-22-063-24W5/0,25691,1,1644.4,1659.94,15.54
544,00/14-29-048-06W5/0,499,2,1098.8,1113.43,14.63
545,00/14-29-048-06W5/0,499,4,1406.04,1430.43,24.39
546,00/06-34-054-15W5/0,22489,1,3210.76,3229.05,18.29
547,00/08-15-048-04W5/0,3554,1,1303.32,1320.09,16.77
548,00/08-15-048-04W5/0,3555,1,1303.32,1320.09,16.77
549,00/10-01-066-19W5/0,19688,1,2941.32,2956.56,15.24
550,00/10-01-066-19W5/0,19688,2,2956.56,2971.19,14.63
551,00/10-01-066-19W5/0,19688,3,2972.1,3019.04,46.94
552,00/12-01-064-24W5/0,8088,4,3575.0,3584.27,9.27
553,00/04-18-065-23W5/0,14049,2,3431.44,3436.32,4.88
554,00/07-07-061-16W5/0,26686,1,1880.62,1886.71,6.09
555,00/07-14-062-20W5/0,13695,1,3215.94,3223.56,7.62
556,00/12-25-062-18W5/0,23758,1,3010.2,3028.49,18.29
557,00/12-25-062-18W5/0,23758,2,3028.49,3046.78,18.29
558,00/11-34-053-14W5/0,26424,1,3175.1,3193.54,18.44
559,00/11-34-053-14W5/0,26424,2,3193.54,3211.68,18.14
560,00/11-34-053-14W5/0,26424,3,3211.68,3228.69,17.01
561,00/10-29-064-23W5/0,16606,1,3431.74,3486.61,54.87
562,00/06-06-062-19W5/0,18184,1,3199.49,3205.28,5.79
563,00/06-06-062-19W5/0,18184,2,3205.28,3212.59,7.31
564,00/06-06-062-19W5/0,18184,3,3212.9,3224.48,11.58
565,00/06-06-062-19W5/0,18184,4,3224.48,3229.05,4.57
566,00/07-36-061-18W5/0,25243,1,3051.96,3070.25,18.29
567,00/07-36-061-18W5/0,25243,2,3070.25,3088.54,18.29
568,00/07-36-061-18W5/0,25243,3,3088.54,3102.86,14.32
569,00/07-36-061-18W5/0,25243,4,3102.86,3119.93,17.07
570,00/06-05-063-22W5/0,2886,1,2204.31,2212.85,8.54
571,00/02-18-062-18W5/0,5649,3,3066.29,3084.58,18.29
572,00/02-18-062-18W5/0,5650,2,1923.29,1929.38,6.09
573,00/03-13-056-15W5/0,25705,1,3109.26,3127.55,18.29
574,00/03-13-056-15W5/0,25705,2,3127.55,3145.84,18.29
575,02/10-21-062-18W5/0,25426,1,3014.78,3024.23,9.45
576,02/10-21-062-18W5/0,25426,2,3024.23,3042.51,18.28
577,02/10-21-062-18W5/0,25426,3,3042.51,3060.8,18.29
578,02/10-21-062-18W5/0,25426,4,3060.8,3070.25,9.45
579,02/10-21-062-18W5/0,25426,5,3070.25,3088.54,18.29
580,02/10-21-062-18W5/0,25426,6,3090.37,3108.66,18.29
581,00/10-17-064-24W5/0,26431,1,3622.55,3626.21,3.66
582,00/10-17-064-24W5/0,26431,2,3626.21,3631.94,5.73
583,00/16-09-062-12W5/0,19385,1,2576.78,2604.21,27.43
584,00/16-09-062-12W5/0,19385,2,2604.52,2631.95,27.43
585,00/16-09-062-12W5/0,19385,3,2632.25,2638.04,5.79
586,00/16-09-062-12W5/0,19385,4,2639.26,2641.09,1.83
587,00/16-09-062-12W5/0,19385,5,2641.4,2657.55,16.15
588,00/16-27-063-09W5/0,24001,1,1403.3,1407.87,4.57
589,00/16-27-063-09W5/0,24001,2,1409.7,1412.75,3.05
590,00/09-34-053-15W5/0,24726,1,3285.74,3304.03,18.29
591,00/09-34-053-15W5/0,24726,2,3304.03,3322.32,18.29
592,00/09-34-053-15W5/0,24726,3,3322.32,3340.61,18.29
593,00/09-34-053-15W5/0,24726,4,3340.61,3358.9,18.29
594,00/07-14-062-18W5/0,25798,1,3040.08,3058.36,18.28
595,00/07-14-062-18W5/0,25798,2,3058.97,3077.26,18.29
596,00/07-14-062-18W5/0,25798,3,3077.26,3095.55,18.29
597,00/07-14-062-18W5/0,25798,4,3095.55,3099.51,3.96
598,00/07-14-062-18W5/0,25798,5,3099.51,3103.99,4.48
599,00/07-14-062-18W5/0,25798,6,3103.99,3106.52,2.53
600,00/06-26-059-18W5/0,21741,1,2081.78,2089.1,7.3
601,00/06-26-059-18W5/0,21741,2,2089.1,2108.3,19.2
602,00/06-26-059-18W5/0,21741,3,3197.05,3297.94,100.89
603,02/10-11-062-18W5/0,26085,1,3111.7,3113.84,2.14
604,00/10-08-059-19W5/0,26426,1,2016.25,2032.05,15.8
605,00/04-22-069-18W5/0,8144,1,2740.15,2763.93,23.78
606,00/04-22-069-18W5/0,8144,2,2763.93,2787.7,23.77
607,00/04-22-069-18W5/0,8144,3,2787.7,2912.63,124.93
608,00/11-09-062-16W5/0,25690,1,2947.42,2965.7,18.28
609,00/11-09-062-16W5/0,25690,2,2965.7,2983.99,18.29
610,00/11-09-062-16W5/0,25690,3,2984.3,3002.58,18.28
611,00/10-25-046-02W5/0,19278,1,980.24,991.97,11.73
612,00/10-25-046-02W5/0,19278,4,992.1,992.7,0.6
613,00/10-25-046-02W5/0,19278,2,992.4,1000.4,8.0
614,00/10-25-046-02W5/0,19278,3,1000.35,1001.27,0.92
615,00/14-20-041-27W4/0,19611,3,1781.25,1790.49,9.24
616,00/14-20-041-27W4/0,19611,4,1790.49,1791.01,0.52
617,00/14-20-041-27W4/0,40199,3,1787.96,1790.4,2.44
618,00/14-20-041-27W4/0,40199,4,1790.4,1796.5,6.1
619,00/10-17-062-16W5/0,25543,1,2957.17,2975.46,18.29
620,00/10-17-062-16W5/0,25543,2,2975.46,2993.75,18.29
621,00/10-17-062-16W5/0,25543,3,3003.19,3021.48,18.29
622,00/03-25-061-17W5/0,26597,1,3015.69,3033.98,18.29
623,00/03-25-061-17W5/0,26597,2,3033.98,3052.27,18.29
624,00/03-25-061-17W5/0,26597,3,3052.27,3065.37,13.1
625,00/03-25-061-17W5/0,26597,4,3065.37,3067.49,2.12
626,00/07-07-063-14W5/0,16613,1,2807.21,2825.5,18.29
627,00/07-07-063-14W5/0,16613,2,2826.11,2844.39,18.28
628,00/07-07-063-14W5/0,16613,3,2845.0,2863.29,18.29
629,00/07-07-063-14W5/0,16613,4,2864.21,2882.49,18.28
630,00/06-32-052-14W5/0,21062,1,1722.12,1732.97,10.85
631,00/10-22-061-14W5/0,21288,2,2845.0,2846.22,1.22
632,00/10-22-061-14W5/0,21288,3,2846.22,2860.85,14.63
633,00/11-31-058-13W5/0,23351,1,1894.94,1908.96,14.02
634,00/06-35-060-18W5/0,25535,1,2748.69,2766.97,18.28
635,00/10-02-059-18W5/0,20971,1,3241.85,3247.34,5.49
636,00/10-02-059-18W5/0,20971,2,3247.34,3253.74,6.4
637,00/10-02-059-18W5/0,20971,3,3254.96,3257.4,2.44
638,00/10-02-059-18W5/0,20971,4,3257.4,3261.36,3.96
639,00/10-02-059-18W5/0,20971,5,3261.36,3264.71,3.35
640,00/10-02-059-18W5/0,20971,6,3264.71,3266.85,2.14
641,00/10-02-059-18W5/0,20971,7,3266.85,3272.33,5.48
642,00/10-02-059-18W5/0,20971,8,3272.33,3276.6,4.27
643,00/10-02-059-18W5/0,20971,9,3276.6,3278.43,1.83
644,00/10-02-059-18W5/0,20971,10,3278.43,3281.48,3.05
645,00/10-02-059-18W5/0,20971,11,3281.48,3284.22,2.74
646,00/10-02-059-18W5/0,20971,12,3284.22,3287.27,3.05
647,00/10-02-059-18W5/0,20971,13,3287.27,3296.11,8.84
648,00/10-02-059-18W5/0,20971,14,3296.11,3302.2,6.09
649,00/10-02-059-18W5/0,20971,15,3302.2,3312.26,10.06
650,00/10-02-059-18W5/0,20971,16,3312.26,3314.7,2.44
651,00/10-02-059-18W5/0,20971,17,3314.7,3317.44,2.74
652,00/10-02-059-18W5/0,20971,18,3317.44,3322.32,4.88
653,00/10-02-059-18W5/0,20971,19,3322.93,3326.89,3.96
654,00/10-02-059-18W5/0,20971,20,3327.5,3331.77,4.27
655,00/10-02-059-18W5/0,20971,21,3331.77,3332.68,0.91
656,00/10-02-059-18W5/0,20971,22,3332.68,3336.04,3.36
657,00/10-02-059-18W5/0,20971,23,3360.42,3364.38,3.96
658,00/16-16-037-25W4/0,19071,1,1527.05,1539.24,12.19
659,00/16-16-037-25W4/0,19072,2,2063.5,2078.43,14.93
660,00/16-16-037-25W4/0,24701,3,2078.43,2095.2,16.77
661,00/10-15-063-15W5/0,2890,1,1828.19,1838.55,10.36
662,00/10-15-063-15W5/0,2895,2,2865.73,2880.97,15.24
663,00/10-15-063-15W5/0,2895,3,2880.97,2882.19,1.22
664,00/10-15-063-15W5/0,2895,4,2882.19,2897.43,15.24
665,00/10-15-063-15W5/0,2895,5,2897.43,2906.57,9.14
666,00/10-25-063-10W5/0,10062,1,2548.74,2553.61,4.87
667,00/10-25-063-10W5/0,10062,2,2553.61,2556.66,3.05
668,00/10-25-063-10W5/0,10062,3,2556.66,2559.71,3.05
669,00/10-25-063-10W5/0,10062,4,2559.71,2571.29,11.58
670,00/10-12-054-18W5/0,21953,1,3557.02,3573.17,16.15
671,00/10-12-054-18W5/0,21953,2,3573.17,3583.84,10.67
672,00/04-19-039-05W5/0,55933,1,1883.27,1905.91,0.0
673,00/04-19-039-05W5/0,55933,2,2189.99,2207.15,0.0
674,00/04-19-039-05W5/0,55933,5,2386.58,2396.46,0.0
675,00/04-19-039-05W5/0,55933,6,2465.53,2475.28,0.0
676,00/06-16-055-18W5/0,19826,3,2206.45,2207.46,1.01
677,00/06-16-055-18W5/0,19826,4,2214.37,2432.4,218.03
678,00/06-16-055-18W5/0,19826,5,2434.74,2436.98,2.24
679,00/06-16-055-18W5/0,19826,6,2439.62,2549.75,110.13
680,00/06-16-055-18W5/0,19826,7,2553.31,2559.51,6.2
681,00/06-16-055-18W5/0,19826,8,2573.12,2603.7,30.58
682,00/06-16-055-18W5/0,19826,9,2617.62,2618.94,1.32
683,00/06-16-055-18W5/0,19826,10,2619.15,2620.47,1.32
684,00/06-16-055-18W5/0,19826,11,2623.72,2623.82,0.1
685,00/06-16-055-18W5/0,19827,6,2439.6,2549.7,110.1
686,00/06-16-055-18W5/0,19827,2,3308.6,3326.6,18.0
687,00/06-36-062-13W5/0,18509,1,2709.67,2724.91,15.24
688,00/10-04-063-15W5/0,2893,3,2903.52,2915.41,11.89
689,00/10-04-063-15W5/0,2893,4,2915.72,2927.91,12.19
690,00/10-04-063-15W5/0,2893,5,2928.21,2935.83,7.62
691,00/10-04-063-15W5/0,2893,6,2956.56,2972.41,15.85
692,00/10-04-063-15W5/0,2894,1,1903.48,1912.01,8.53
693,00/10-04-063-15W5/0,2894,2,1912.32,1927.56,15.24
694,00/07-04-049-12W5/0,27063,1,3066.29,3084.58,18.29
695,00/07-04-049-12W5/0,27063,2,3084.58,3102.86,18.28
696,00/07-04-049-12W5/0,27063,3,3102.86,3121.15,18.29
697,00/07-04-049-12W5/0,27063,4,3121.15,3139.44,18.29
698,00/15-04-065-12W5/0,25676,1,2680.72,2692.3,11.58
699,00/10-19-060-18W5/0,21913,1,3310.74,3329.03,18.29
700,00/10-19-060-18W5/0,21913,2,3329.03,3347.31,18.28
701,00/10-19-060-18W5/0,21913,3,3347.31,3365.6,18.29
702,00/10-19-060-18W5/0,21913,4,3365.6,3383.89,18.29
703,00/16-21-049-13W5/0,19781,1,1945.54,1982.11,36.57
704,00/16-21-049-13W5/0,19781,2,2284.48,2308.86,24.38
705,00/16-21-049-13W5/0,19781,3,2516.73,2520.79,4.06
706,00/16-21-049-13W5/0,19781,4,2520.79,2524.96,4.17
707,00/16-21-049-13W5/0,19782,1,2328.67,2328.77,0.1
708,00/16-21-049-13W5/0,19782,2,2333.24,2333.34,0.1
709,00/16-21-049-13W5/0,19782,3,2337.82,2337.92,0.1
710,00/16-21-049-13W5/0,19782,4,2383.54,2383.64,0.1
711,00/16-21-049-13W5/0,19782,5,2384.76,2384.86,0.1
712,00/16-21-049-13W5/0,19782,6,2385.97,2386.07,0.1
713,00/16-21-049-13W5/0,19782,7,2387.19,2387.29,0.1
714,00/16-21-049-13W5/0,19782,8,2428.95,2429.05,0.1
715,00/16-21-049-13W5/0,19782,9,2477.11,2477.21,0.1
716,00/16-21-049-13W5/0,19782,10,2479.55,2479.65,0.1
717,00/16-21-049-13W5/0,19782,11,2481.07,2481.17,0.1
718,00/16-21-049-13W5/0,19782,12,2493.26,2493.36,0.1
719,00/16-21-049-13W5/0,19782,13,2493.87,2493.97,0.1
720,00/16-21-049-13W5/0,19782,14,2494.48,2494.58,0.1
721,00/16-21-049-13W5/0,19782,15,2495.09,2495.19,0.1
722,00/16-21-049-13W5/0,19782,16,2495.7,2495.8,0.1
723,00/16-21-049-13W5/0,19782,17,2497.53,2497.63,0.1
724,00/16-21-049-13W5/0,19782,18,2498.14,2498.24,0.1
725,00/16-21-049-13W5/0,19782,19,2523.74,2523.84,0.1
726,00/16-21-049-13W5/0,19782,20,2524.35,2524.45,0.1
727,00/16-21-049-13W5/0,19782,21,2525.57,2525.67,0.1
728,00/16-21-049-13W5/0,19782,22,2526.18,2526.28,0.1
729,00/16-21-049-13W5/0,19782,23,2526.79,2526.89,0.1
730,00/16-21-049-13W5/0,19782,24,2527.4,2527.5,0.1
731,00/16-21-049-13W5/0,19782,25,2528.01,2528.11,0.1
732,00/16-21-049-13W5/0,19782,26,2528.62,2528.72,0.1
733,00/16-21-049-13W5/0,19782,27,2529.84,2529.94,0.1
734,00/16-21-049-13W5/0,19782,28,2533.19,2533.29,0.1
735,00/16-21-049-13W5/0,19782,29,2580.13,2580.23,0.1
736,00/07-26-059-20W5/0,26643,1,2070.81,2088.67,17.86
737,00/07-26-059-20W5/0,26643,2,2088.67,2534.82,446.15
738,00/06-20-050-15W5/0,27450,1,3325.37,3338.6,13.23
739,00/06-20-050-15W5/0,27450,2,3338.6,3345.48,6.88
740,00/06-20-050-15W5/0,27450,3,3345.48,3363.77,18.29
741,00/06-20-050-15W5/0,27450,4,3363.77,3382.06,18.29
742,00/10-30-065-09W5/0,328,1,2508.81,2531.97,23.16
743,00/10-30-065-09W5/0,328,2,2531.97,2547.21,15.24
744,00/04-02-066-09W5/0,18527,1,2479.85,2495.09,15.24
745,00/04-31-065-09W5/0,327,3,2504.85,2520.09,15.24
746,00/04-31-065-09W5/0,327,4,2520.09,2535.33,15.24
747,00/04-31-065-09W5/0,327,5,2535.33,2546.09,10.76
748,00/14-32-064-12W5/0,26491,1,2726.74,2736.49,9.75
749,00/14-32-064-12W5/0,26491,2,2736.49,2754.33,17.84
750,00/11-01-059-18W5/0,21130,1,3306.78,3315.61,8.83
751,00/11-01-059-18W5/0,21130,2,3315.61,3326.89,11.28
752,00/11-01-059-18W5/0,21130,3,3326.89,3339.08,12.19
753,00/11-01-059-18W5/0,21130,4,3339.08,3354.32,15.24
754,00/11-01-059-18W5/0,21130,5,3354.32,3368.04,13.72
755,00/11-01-059-18W5/0,21130,6,3368.04,3376.27,8.23
756,00/11-01-059-18W5/0,21130,7,3376.27,3385.11,8.84
757,00/11-01-059-18W5/0,21130,8,3385.11,3390.9,5.79
758,00/11-01-059-18W5/0,21130,9,3390.9,3407.05,16.15
759,00/11-01-059-18W5/0,21130,10,3407.05,3415.59,8.54
760,00/11-01-059-18W5/0,21130,11,3415.59,3425.34,9.75
761,00/10-15-059-18W5/0,21131,1,3340.91,3359.2,18.29
762,00/10-15-059-18W5/0,21131,2,3359.2,3372.31,13.11
763,00/10-15-059-18W5/0,21131,3,3372.31,3378.71,6.4
764,00/10-15-059-18W5/0,21131,4,3378.71,3393.03,14.32
765,00/10-15-059-18W5/0,21131,5,3393.03,3411.32,18.29
766,00/10-15-059-18W5/0,21131,6,3411.32,3429.61,18.29
767,00/10-34-058-18W5/0,21126,1,2415.84,2427.43,11.59
768,00/10-34-058-18W5/0,21126,2,3333.29,3351.58,18.29
769,00/10-34-058-18W5/0,21126,3,3351.58,3360.12,8.54
770,00/10-34-058-18W5/0,21126,4,3360.12,3364.99,4.87
771,00/10-34-058-18W5/0,21126,5,3364.99,3375.36,10.37
772,00/10-34-058-18W5/0,21126,6,3375.36,3387.55,12.19
773,00/10-34-058-18W5/0,21126,7,3387.55,3391.2,3.65
774,00/10-34-058-18W5/0,21126,8,3391.2,3409.49,18.29
775,00/10-34-058-18W5/0,21126,9,3409.49,3427.78,18.29
776,00/10-15-066-09W5/0,18470,1,2479.55,2481.68,2.13
777,00/10-15-066-09W5/0,18470,2,2481.68,2485.03,3.35
778,00/10-15-066-09W5/0,18470,3,2485.03,2500.88,15.85
779,00/10-15-066-09W5/0,18470,4,2500.88,2506.17,5.29
780,00/02-06-065-12W5/0,25339,1,2752.34,2770.63,18.29
781,00/04-07-065-12W5/0,24338,1,2749.3,2758.74,9.44
782,00/04-07-065-12W5/0,24338,2,2758.74,2777.03,18.29
783,00/02-14-064-11W5/0,1991,1,2612.44,2640.79,28.35
784,00/02-14-064-11W5/0,1991,2,2640.79,2656.33,15.54
785,00/02-20-061-07W6/0,25175,1,3571.65,3589.93,18.28
786,00/02-20-061-07W6/0,25175,2,3589.93,3593.59,3.66
787,00/02-20-061-07W6/0,25175,3,3593.59,3611.27,17.68
788,00/10-25-064-15W5/0,16608,1,2886.76,2903.83,17.07
789,00/10-25-064-15W5/0,16608,2,2903.83,2921.81,17.98
790,00/10-25-064-15W5/0,16608,3,2922.12,2930.65,8.53
791,00/10-25-064-15W5/0,16608,4,2930.65,2948.94,18.29
792,00/10-25-064-15W5/0,16608,5,2948.94,2967.53,18.59
793,00/10-19-058-18W5/0,21594,1,3418.94,3432.66,13.72
794,00/10-19-058-18W5/0,21594,2,3432.66,3438.14,5.48
795,00/10-19-058-18W5/0,21594,3,3438.14,3441.5,3.36
796,00/10-19-058-18W5/0,21594,4,3441.5,3448.81,7.31
797,00/10-19-058-18W5/0,21594,5,3448.81,3460.09,11.28
798,00/06-09-059-18W5/0,20900,1,3392.42,3410.71,18.29
799,00/06-09-059-18W5/0,20900,2,3410.71,3429.0,18.29
800,00/06-09-059-18W5/0,20900,3,3429.0,3447.29,18.29
801,00/02-32-064-14W5/0,53232,1,2852.32,2869.39,15.8
802,00/02-32-064-14W5/0,53232,2,2869.39,2904.74,27.1
803,00/02-32-064-14W5/0,53252,1,2852.32,2869.39,15.8
804,00/02-32-064-14W5/0,53252,2,2869.39,2904.74,27.1
805,00/06-28-047-14W5/0,55979,3,3066.9,3080.61,0.0
806,00/06-28-047-14W5/0,55979,5,4104.44,4121.81,0.0
807,00/15-10-049-19W5/0,22940,1,4472.03,4476.29,4.26
808,00/15-10-049-19W5/0,22940,2,4476.29,4491.53,15.24
809,00/08-09-039-09W5/0,19157,1,2491.74,2509.72,17.98
810,00/08-09-039-09W5/0,19157,2,2523.74,2533.19,9.45
811,00/10-13-043-15W5/0,21973,2,2880.36,2898.65,18.29
812,02/06-15-047-16W5/0,1747,3,3462.53,3480.21,17.68
813,00/01-24-045-16W5/0,25050,1,2770.33,2788.62,18.29
814,00/10-11-057-18W5/0,26039,1,3744.47,3762.15,17.68
