,Consolid Intrvl Seq,Formatted UWI,Gas Samp Obs No,Gas Sample Date,Intrvl Base,Intrvl Top
0,1,00/06-20-078-23W5/0,1,7/26/1990 00:00:00,1162.4,1154.6
1,1,00/06-20-078-23W5/0,1,7/27/1990 00:00:00,1162.4,1154.6
2,4,00/06-20-078-23W5/0,1,10/2/1990 00:00:00,1163.0,1158.0
3,5,00/06-20-078-23W5/0,1,3/12/1999 00:00:00,1162.6,1159.6
4,5,00/06-20-078-23W5/0,1,8/23/1999 00:00:00,1162.6,1159.6
5,6,00/06-20-078-23W5/0,1,6/20/1985 00:00:00,912.0,900.0
6,7,00/06-20-078-23W5/0,1,6/15/1985 00:00:00,1168.0,1150.0
7,8,00/06-20-078-23W5/0,1,6/16/1985 00:00:00,1187.0,1169.0
8,9,00/06-20-078-23W5/0,1,6/17/1985 00:00:00,1233.0,1208.0
9,10,00/06-20-078-23W5/0,2,6/16/1985 00:00:00,1127.0,1109.0
10,11,00/06-20-078-23W5/0,1,6/21/1985 00:00:00,1919.0,1887.0
11,1,00/07-09-076-18W5/0,1,2/24/1982 00:00:00,971.7,935.0
12,2,00/09-33-080-09W5/0,1,3/16/1986 00:00:00,1701.5,1693.0
13,2,00/09-33-080-09W5/0,2,3/16/1986 00:00:00,1701.5,1693.0
14,1,00/10-14-081-09W5/0,1,8/2/1977 00:00:00,649.22,643.13
15,2,00/10-14-081-09W5/0,1,7/27/1977 00:00:00,1784.6,1747.4
16,3,00/10-14-081-09W5/0,1,8/12/1977 00:00:00,1747.38,1747.38
17,1,00/03-15-080-09W5/0,1,11/6/1989 00:00:00,1731.0,1715.0
18,2,00/03-15-080-09W5/0,1,1/13/1990 00:00:00,1721.5,1717.3
19,2,00/03-15-080-09W5/0,1,7/22/1999 00:00:00,1721.5,1717.3
20,1,00/10-30-080-09W5/0,1,1/14/1992 00:00:00,1701.0,1691.0
21,1,00/10-30-080-09W5/0,2,1/14/1992 00:00:00,1701.0,1691.0
22,2,00/09-25-081-09W5/0,1,1/31/1993 00:00:00,1730.0,1725.5
23,1,00/14-03-070-21W5/0,1,2/27/1984 00:00:00,1322.0,1309.0
24,2,00/14-03-070-21W5/0,1,2/28/1984 00:00:00,1428.5,1412.0
25,1,00/02-20-081-08W5/0,1,7/23/1987 00:00:00,1673.0,1653.0
26,1,00/02-20-081-08W5/0,2,7/23/1987 00:00:00,1673.0,1653.0
27,2,00/02-20-081-08W5/0,1,7/21/1987 00:00:00,1747.0,1734.0
28,4,00/02-20-081-08W5/0,1,7/22/1987 00:00:00,1673.0,1655.0
29,1,00/06-30-080-09W5/0,1,6/11/1985 00:00:00,1722.0,1720.0
30,3,00/06-30-080-09W5/0,1,3/24/1985 00:00:00,1727.0,1715.0
31,1,00/02-20-079-07W5/0,1,3/10/1981 00:00:00,589.0,566.0
32,1,00/04-21-081-08W5/0,1,7/20/1967 00:00:00,1758.7,1738.88
33,1,00/10-08-080-07W5/0,1,3/3/1988 00:00:00,1690.0,1672.0
34,2,00/10-08-080-07W5/0,1,5/19/2000 00:00:00,1680.0,1677.5
35,2,00/12-30-078-07W5/0,1,12/16/1984 00:00:00,1724.0,1718.0
36,1,00/04-14-078-08W5/0,1,9/23/2004 00:00:00,1745.0,1741.3
37,2,00/15-25-077-08W5/0,1,4/21/2018 00:00:00,1778.0,1769.0
38,2,00/15-25-077-08W5/0,1,7/26/2018 00:00:00,1778.0,1769.0
39,2,00/15-25-077-08W5/0,1,2/13/2020 00:00:00,1778.0,1769.0
40,1,00/06-14-048-14W4/0,1,3/3/1988 00:00:00,740.0,737.0
41,1,00/14-20-068-25W5/0,1,9/6/1985 00:00:00,1661.71,1631.0
42,2,00/14-20-068-25W5/0,1,4/7/1999 00:00:00,1640.0,1637.0
43,3,00/14-20-068-25W5/0,1,12/23/1994 00:00:00,1675.5,1670.0
44,6,00/14-20-068-25W5/0,1,9/27/1985 00:00:00,3299.0,3284.0
45,2,00/06-17-068-04W6/0,1,7/9/1965 00:00:00,3335.1,3333.6
46,2,00/06-17-068-04W6/0,2,7/9/1965 00:00:00,3335.1,3333.6
47,2,00/06-17-068-04W6/0,1,7/13/1965 00:00:00,3335.1,3333.6
48,2,00/06-17-068-04W6/0,1,6/27/1966 00:00:00,3335.1,3333.6
49,2,00/06-17-068-04W6/0,1,7/11/1966 00:00:00,3335.1,3333.6
50,4,00/06-17-068-04W6/0,1,7/3/1965 00:00:00,3352.8,3349.8
51,5,00/06-17-068-04W6/0,1,8/1/1966 00:00:00,3310.1,3286.4
52,5,00/06-17-068-04W6/0,1,8/8/1966 00:00:00,3310.1,3286.4
53,5,00/06-17-068-04W6/0,2,8/8/1966 00:00:00,3310.1,3286.4
54,5,00/06-17-068-04W6/0,3,8/8/1966 00:00:00,3310.1,3286.4
55,5,00/06-17-068-04W6/0,1,8/10/1966 00:00:00,3310.1,3286.4
56,5,00/06-17-068-04W6/0,2,8/10/1966 00:00:00,3310.1,3286.4
57,1,00/09-23-042-14W4/0,1,5/23/1983 00:00:00,821.64,776.64
58,2,00/09-23-042-14W4/0,1,11/29/2001 00:00:00,784.5,781.0
59,3,00/09-23-042-14W4/0,1,1/8/1988 00:00:00,918.5,917.5
60,1,00/06-11-069-26W5/0,1,8/21/1983 00:00:00,3344.0,3310.0
61,2,00/06-11-069-26W5/0,1,8/22/1983 00:00:00,3228.0,3212.0
62,2,00/06-11-069-26W5/0,2,8/22/1983 00:00:00,3228.0,3212.0
63,1,00/16-14-068-21W5/0,1,9/2/1985 00:00:00,2934.0,2926.0
64,1,00/06-35-046-15W4/0,1,6/13/1983 00:00:00,770.0,745.0
65,1,00/10-33-065-20W5/0,1,2/1/1992 00:00:00,1346.3,1345.0
66,1,00/10-33-065-20W5/0,1,3/1/1992 00:00:00,1346.3,1345.0
67,2,00/10-33-065-20W5/0,1,3/18/1979 00:00:00,1346.5,1344.0
68,2,00/10-33-065-20W5/0,1,1/29/2001 00:00:00,1346.5,1344.0
69,1,00/02-20-051-23W4/0,1,3/25/1980 00:00:00,1266.0,1236.0
70,2,00/02-20-051-23W4/0,1,12/29/1981 00:00:00,1264.5,1262.5
71,4,00/02-20-051-23W4/0,1,6/24/2013 00:00:00,1264.5,1244.0
72,5,00/02-20-051-23W4/0,1,2/28/2013 00:00:00,1264.1,1244.0
73,1,00/04-12-069-26W5/0,1,2/26/1982 00:00:00,3282.0,3264.0
74,6,00/02-23-066-25W5/0,1,7/13/2013 00:00:00,3386.3,3379.6
75,6,00/02-23-066-25W5/0,1,7/27/2015 00:00:00,3386.3,3379.6
76,1,00/10-23-065-20W5/0,1,3/18/1979 00:00:00,1398.0,1395.5
77,1,00/10-23-065-20W5/0,1,1/28/1986 00:00:00,1398.0,1395.5
78,1,00/10-23-065-20W5/0,1,11/12/1991 00:00:00,1398.0,1395.5
79,1,00/10-23-065-20W5/0,1,1/20/2001 00:00:00,1398.0,1395.5
80,1,00/05-22-066-25W5/0,1,8/27/1983 00:00:00,1577.0,1565.0
81,3,00/05-22-066-25W5/0,1,5/16/2001 00:00:00,2024.0,2022.0
82,3,00/10-32-063-21W5/0,1,8/1/1983 00:00:00,1911.2,11.1
83,4,00/10-32-063-21W5/0,1,9/9/1983 00:00:00,1917.5,1908.0
84,5,00/10-32-063-21W5/0,1,2/25/1984 00:00:00,1641.6,1637.8
85,1,00/14-23-067-24W5/0,1,4/23/1984 00:00:00,3187.0,3165.0
86,1,00/14-23-067-24W5/0,2,4/23/1984 00:00:00,3187.0,3165.0
87,2,00/14-23-067-24W5/0,1,6/22/1984 00:00:00,3177.0,3165.5
88,1,00/07-27-063-18W5/0,1,11/6/1999 00:00:00,1471.0,1465.0
89,1,00/07-27-063-18W5/0,1,12/14/1999 00:00:00,1471.0,1465.0
90,1,00/07-27-063-18W5/0,1,1/12/2006 00:00:00,1471.0,1465.0
91,1,00/07-27-063-18W5/0,1,2/21/2007 00:00:00,1471.0,1465.0
92,1,00/07-27-063-18W5/0,2,2/21/2007 00:00:00,1471.0,1465.0
93,1,00/07-27-063-18W5/0,1,2/24/2009 00:00:00,1471.0,1465.0
94,1,00/16-15-063-19W5/0,1,2/26/2004 00:00:00,3066.0,3047.0
95,1,00/03-22-066-03W6/0,1,9/9/1983 00:00:00,2339.0,2260.0
96,1,00/03-22-066-03W6/0,2,9/9/1983 00:00:00,2339.0,2260.0
97,2,00/03-22-066-03W6/0,1,9/22/1983 00:00:00,2396.0,2381.0
98,1,00/08-30-052-05W5/0,1,8/29/1984 00:00:00,1624.0,1614.0
99,2,00/08-30-052-05W5/0,1,9/21/1984 00:00:00,1578.0,1574.0
100,3,00/08-30-052-05W5/0,1,11/13/2003 00:00:00,1631.0,1617.0
101,4,00/08-30-052-05W5/0,1,5/13/1999 00:00:00,1629.0,1617.0
102,2,00/12-35-063-18W5/0,1,2/3/2006 00:00:00,2269.0,2266.0
103,3,00/12-35-063-18W5/0,1,3/8/2001 00:00:00,1522.0,1513.0
104,3,00/12-35-063-18W5/0,1,2/13/2002 00:00:00,1522.0,1513.0
105,1,00/07-13-065-26W5/0,1,2/4/1982 00:00:00,2371.0,2359.0
106,2,00/07-13-065-26W5/0,1,2/5/1981 00:00:00,2212.0,2188.0
107,1,00/03-32-063-22W5/0,1,8/26/1985 00:00:00,3428.0,3417.0
108,3,00/03-32-063-22W5/0,1,1/25/1988 00:00:00,1970.0,1967.0
109,3,00/03-32-063-22W5/0,2,1/25/1988 00:00:00,1970.0,1967.0
110,1,00/04-35-069-19W5/0,1,1/27/1982 00:00:00,2752.8,2749.8
111,1,00/06-21-064-25W5/0,1,8/14/1990 00:00:00,2088.0,2076.0
112,1,00/06-06-037-20W4/0,1,12/7/1960 00:00:00,1629.8,1628.5
113,1,00/13-20-065-02W6/0,1,7/30/1996 00:00:00,4006.0,3879.0
114,1,00/13-20-065-02W6/0,2,7/30/1996 00:00:00,4006.0,3879.0
115,1,00/14-10-066-01W6/0,1,9/6/1980 00:00:00,2524.0,2512.0
116,1,00/05-36-061-18W5/0,1,2/26/1983 00:00:00,3070.0,3034.0
117,2,00/05-36-061-18W5/0,1,3/2/1983 00:00:00,3066.0,3056.0
118,2,00/05-36-061-18W5/0,1,3/5/1983 00:00:00,3066.0,3056.0
119,1,00/09-33-055-12W5/0,1,1/4/2004 00:00:00,1892.0,1890.0
120,2,00/09-33-055-12W5/0,1,3/24/1985 00:00:00,1924.0,1904.5
121,1,00/11-27-049-08W5/0,1,6/15/1980 00:00:00,1764.0,1757.0
122,2,00/11-27-049-08W5/0,1,4/11/1980 00:00:00,2045.0,2006.0
123,2,00/09-34-053-14W5/0,1,4/10/2006 00:00:00,1920.6,1916.0
124,1,00/13-21-065-24W5/0,1,3/8/1982 00:00:00,2282.0,2275.0
125,1,00/16-11-030-25W4/0,1,11/15/1988 00:00:00,1705.0,1697.0
126,1,00/16-11-030-25W4/0,1,11/17/1988 00:00:00,1705.0,1697.0
127,1,00/16-11-030-25W4/0,2,11/17/1988 00:00:00,1705.0,1697.0
128,2,00/16-11-030-25W4/0,1,11/14/1988 00:00:00,2547.0,2535.0
129,2,00/16-11-030-25W4/0,2,11/14/1988 00:00:00,2547.0,2535.0
130,1,00/10-30-032-23W4/0,1,9/20/1988 00:00:00,2403.0,2378.0
131,2,00/10-30-032-23W4/0,1,9/21/1988 00:00:00,1811.5,1794.0
132,1,00/15-01-063-18W5/0,1,2/13/1985 00:00:00,3059.0,3039.0
133,2,00/15-01-063-18W5/0,1,2/15/1985 00:00:00,1855.0,1847.0
134,1,00/16-36-029-23W4/0,1,9/10/1989 00:00:00,2185.0,2175.0
135,1,00/16-36-029-23W4/0,2,9/10/1989 00:00:00,2185.0,2175.0
136,1,00/07-34-053-15W5/0,1,3/22/1988 00:00:00,2337.0,2318.0
137,2,00/14-15-036-21W4/0,1,5/24/1988 00:00:00,1308.7,1306.9
138,1,00/07-01-048-10W5/0,1,3/9/1981 00:00:00,2265.0,2249.0
139,1,00/07-01-048-10W5/0,2,3/9/1981 00:00:00,2265.0,2249.0
140,1,00/07-01-048-10W5/0,1,3/6/2000 00:00:00,2265.0,2249.0
141,1,00/07-01-048-10W5/0,1,5/18/2001 00:00:00,2265.0,2249.0
142,1,00/07-01-048-10W5/0,1,5/15/2006 00:00:00,2265.0,2249.0
143,1,00/07-01-048-10W5/0,1,7/21/2010 00:00:00,2265.0,2249.0
144,1,00/09-17-034-25W4/0,1,7/27/1960 00:00:00,1732.48,1702.0
145,1,00/09-17-034-25W4/0,1,8/11/1960 00:00:00,1732.48,1702.0
146,1,00/09-17-034-25W4/0,1,8/17/1960 00:00:00,1732.48,1702.0
147,2,00/09-17-034-25W4/0,1,6/30/1959 00:00:00,1739.8,1698.35
148,3,00/09-17-034-25W4/0,1,5/17/1985 00:00:00,1733.7,1702.0
149,3,00/09-17-034-25W4/0,1,2/28/1990 00:00:00,1733.7,1702.0
150,4,00/09-17-034-25W4/0,1,2/12/2003 00:00:00,1733.7,1707.5
151,5,00/09-17-034-25W4/0,1,11/20/2000 00:00:00,927.0,921.0
152,6,00/09-17-034-25W4/0,1,11/30/1982 00:00:00,1730.2,1698.5
153,1,00/11-36-062-25W5/0,1,10/28/2004 00:00:00,1780.5,1778.0
154,1,00/11-36-062-25W5/0,1,1/25/2006 00:00:00,1780.5,1778.0
155,1,00/06-11-033-24W4/0,1,1/23/1987 00:00:00,2454.0,2447.0
156,2,00/06-11-033-24W4/0,1,12/31/1987 00:00:00,1663.0,1650.0
157,2,00/06-11-033-24W4/0,1,11/14/2000 00:00:00,1663.0,1650.0
158,2,00/06-11-033-24W4/0,1,1/14/2003 00:00:00,1663.0,1650.0
159,1,00/15-35-044-02W5/0,1,2/3/1988 00:00:00,2219.0,2185.0
160,1,00/15-35-044-02W5/0,1,2/4/1988 00:00:00,2219.0,2185.0
161,2,00/15-35-044-02W5/0,1,2/1/1988 00:00:00,2317.0,2283.0
162,2,00/10-12-063-15W5/0,1,2/23/2001 00:00:00,2847.0,2785.0
163,2,00/10-12-063-15W5/0,1,3/4/2003 00:00:00,2847.0,2785.0
164,3,00/10-12-063-15W5/0,2,3/4/2003 00:00:00,2847.0,2788.0
165,3,00/10-12-063-15W5/0,1,4/29/2005 00:00:00,2847.0,2788.0
166,3,00/10-12-063-15W5/0,1,4/18/2007 00:00:00,2847.0,2788.0
167,3,00/10-12-063-15W5/0,1,5/9/2011 00:00:00,2847.0,2788.0
168,3,00/10-12-063-15W5/0,1,6/29/2011 00:00:00,2847.0,2788.0
169,3,00/10-12-063-15W5/0,1,4/26/2012 00:00:00,2847.0,2788.0
170,3,00/10-12-063-15W5/0,1,3/4/2013 00:00:00,2847.0,2788.0
171,3,00/10-12-063-15W5/0,1,4/15/2014 00:00:00,2847.0,2788.0
172,1,00/11-26-053-15W5/0,1,10/31/1978 00:00:00,3335.0,3315.0
173,1,00/16-34-063-26W5/0,1,9/5/1995 00:00:00,2393.0,2388.0
174,5,00/16-34-063-26W5/0,1,11/25/1995 00:00:00,3880.0,3808.5
175,1,00/06-14-031-27W4/0,1,8/29/1988 00:00:00,2280.0,2240.0
176,1,00/09-18-049-09W5/0,1,2/26/1981 00:00:00,2173.5,2163.4
177,1,00/09-18-049-09W5/0,2,2/26/1981 00:00:00,2173.5,2163.4
178,1,00/09-18-049-09W5/0,3,2/26/1981 00:00:00,2173.5,2163.4
179,1,00/09-18-049-09W5/0,1,4/12/1993 00:00:00,2173.5,2163.4
180,1,00/09-18-049-09W5/0,1,7/29/2002 00:00:00,2173.5,2163.4
181,1,00/09-18-049-09W5/0,1,9/11/2003 00:00:00,2173.5,2163.4
182,1,00/09-18-049-09W5/0,2,9/11/2003 00:00:00,2173.5,2163.4
183,1,00/09-18-049-09W5/0,1,3/25/2004 00:00:00,2173.5,2163.4
184,3,00/09-18-049-09W5/0,1,5/9/2000 00:00:00,2168.0,2163.4
185,3,00/09-18-049-09W5/0,1,5/12/2000 00:00:00,2168.0,2163.4
186,3,00/09-18-049-09W5/0,1,7/20/2010 00:00:00,2168.0,2163.4
187,3,00/09-18-049-09W5/0,1,1/25/2011 00:00:00,2168.0,2163.4
188,3,00/09-18-049-09W5/0,1,9/17/2013 00:00:00,2168.0,2163.4
189,3,00/09-18-049-09W5/0,1,11/21/2019 00:00:00,2168.0,2163.4
190,4,00/09-18-049-09W5/0,1,3/13/2003 00:00:00,1296.0,1292.0
191,5,00/09-18-049-09W5/0,1,11/6/2020 00:00:00,1648.0,1643.0
192,1,00/06-24-065-17W5/0,1,3/12/1979 00:00:00,2240.0,2221.0
193,2,00/06-24-065-17W5/0,2,3/12/1979 00:00:00,2224.0,2221.0
194,1,00/09-29-065-15W5/0,1,1/9/1998 00:00:00,1378.0,1367.0
195,2,00/10-28-062-12W5/0,1,9/28/1980 00:00:00,1619.0,1602.0
196,1,00/06-10-052-16W5/0,1,3/17/1969 00:00:00,2607.56,2583.79
197,1,00/06-10-052-16W5/0,2,3/17/1969 00:00:00,2607.56,2583.79
198,1,00/01-23-064-27W5/0,1,3/10/1995 00:00:00,1807.0,1787.0
199,1,02/14-20-047-09W5/0,1,7/5/1979 00:00:00,2290.0,2287.3
200,1,02/14-20-047-09W5/0,1,3/6/2000 00:00:00,2290.0,2287.3
201,1,02/14-20-047-09W5/0,1,7/25/2012 00:00:00,2290.0,2287.3
202,1,02/14-20-047-09W5/0,1,1/9/2013 00:00:00,2290.0,2287.3
203,1,02/14-20-047-09W5/0,1,7/29/2014 00:00:00,2290.0,2287.3
204,1,02/14-20-047-09W5/0,1,12/4/2020 00:00:00,2290.0,2287.3
205,2,02/14-20-047-09W5/0,1,7/4/1979 00:00:00,2290.0,2287.5
206,1,00/16-01-061-22W5/0,1,11/23/2004 00:00:00,3675.1,3461.4
207,2,00/16-01-061-22W5/0,1,6/23/1982 00:00:00,3420.0,3415.0
208,1,00/11-14-064-27W5/0,1,9/3/1995 00:00:00,3910.0,3828.0
209,1,00/06-29-061-18W5/0,1,10/8/1982 00:00:00,1797.0,1774.0
210,1,00/08-18-052-14W5/0,1,3/31/1981 00:00:00,3295.0,3276.0
211,2,00/08-18-052-14W5/0,1,4/6/1981 00:00:00,3532.0,3495.0
212,1,00/02-15-034-26W4/0,1,6/9/2011 00:00:00,2235.0,2224.0
213,1,00/03-22-052-19W5/0,1,9/22/1978 00:00:00,2628.0,2604.5
214,3,00/03-22-052-19W5/0,1,10/8/1978 00:00:00,3068.0,3040.0
215,1,00/10-09-062-23W5/0,1,12/12/1978 00:00:00,2418.0,2408.0
216,1,00/07-25-044-10W5/0,1,5/23/1981 00:00:00,2673.0,2667.5
217,1,00/03-09-065-12W5/0,1,11/25/1984 00:00:00,2711.0,2696.5
218,2,00/03-09-065-12W5/0,1,4/17/2000 00:00:00,2722.0,2720.5
219,3,00/03-09-065-12W5/0,2,4/17/2000 00:00:00,2722.0,2696.5
220,3,00/03-09-065-12W5/0,1,6/17/2000 00:00:00,2722.0,2696.5
221,3,00/03-09-065-12W5/0,2,6/17/2000 00:00:00,2722.0,2696.5
222,3,00/03-09-065-12W5/0,1,7/14/2009 00:00:00,2722.0,2696.5
223,3,00/03-09-065-12W5/0,1,12/23/2010 00:00:00,2722.0,2696.5
224,1,00/06-21-051-18W5/0,1,3/16/1986 00:00:00,3601.0,3597.5
225,1,00/06-21-051-18W5/0,1,7/13/1986 00:00:00,3601.0,3597.5
226,1,00/06-21-051-18W5/0,1,7/26/2006 00:00:00,3601.0,3597.5
227,1,00/06-21-051-18W5/0,1,12/17/2007 00:00:00,3601.0,3597.5
228,2,00/06-21-051-18W5/0,1,1/28/1986 00:00:00,3065.0,3060.0
229,5,00/06-21-051-18W5/0,1,12/27/1985 00:00:00,2974.71,2974.7
230,2,00/06-06-065-15W5/0,1,8/12/2010 00:00:00,1752.0,1743.2
231,1,00/13-24-055-22W5/0,1,1/19/1981 00:00:00,2100.0,2065.0
232,2,00/13-24-055-22W5/0,1,2/14/1981 00:00:00,3019.0,2999.0
233,2,00/13-24-055-22W5/0,1,8/15/1982 00:00:00,3019.0,2999.0
234,2,00/13-24-055-22W5/0,2,8/15/1982 00:00:00,3019.0,2999.0
235,2,00/13-24-055-22W5/0,1,8/16/1982 00:00:00,3019.0,2999.0
236,2,00/13-24-055-22W5/0,1,3/30/1994 00:00:00,3019.0,2999.0
237,2,00/13-24-055-22W5/0,2,3/30/1994 00:00:00,3019.0,2999.0
238,2,00/13-24-055-22W5/0,1,6/5/2003 00:00:00,3019.0,2999.0
239,2,00/13-24-055-22W5/0,1,10/24/2003 00:00:00,3019.0,2999.0
240,3,00/13-24-055-22W5/0,1,6/28/2014 00:00:00,3019.0,2999.2
241,3,00/13-24-055-22W5/0,1,6/14/2016 00:00:00,3019.0,2999.2
242,1,02/09-23-040-09W5/0,1,12/8/1983 00:00:00,2321.4,2319.0
243,1,02/09-23-040-09W5/0,2,12/8/1983 00:00:00,2321.4,2319.0
244,1,02/09-23-040-09W5/0,3,12/8/1983 00:00:00,2321.4,2319.0
245,2,02/09-23-040-09W5/0,1,5/12/1989 00:00:00,2319.1,2277.0
246,4,02/09-23-040-09W5/0,1,5/27/2002 00:00:00,2318.9,2276.9
247,4,02/09-23-040-09W5/0,1,1/25/2006 00:00:00,2318.9,2276.9
248,4,02/09-23-040-09W5/0,1,2/11/2008 00:00:00,2318.9,2276.9
249,4,02/09-23-040-09W5/0,1,2/17/2009 00:00:00,2318.9,2276.9
250,4,02/09-23-040-09W5/0,1,1/14/2010 00:00:00,2318.9,2276.9
251,4,02/09-23-040-09W5/0,1,1/18/2011 00:00:00,2318.9,2276.9
252,4,02/09-23-040-09W5/0,1,1/31/2012 00:00:00,2318.9,2276.9
253,4,02/09-23-040-09W5/0,1,4/24/2014 00:00:00,2318.9,2276.9
254,4,02/09-23-040-09W5/0,1,7/14/2016 00:00:00,2318.9,2276.9
255,4,02/09-23-040-09W5/0,1,8/31/2018 00:00:00,2318.9,2276.9
256,5,02/09-23-040-09W5/0,1,9/24/1982 00:00:00,2321.0,2318.0
257,10,02/09-23-040-09W5/0,1,10/18/1956 00:00:00,2316.49,2316.48
258,11,02/09-23-040-09W5/0,1,1/26/2007 00:00:00,2321.4,2276.7
259,1,00/09-29-055-18W5/0,1,12/23/1996 00:00:00,2595.0,2557.0
260,2,00/09-29-055-18W5/0,1,12/20/1996 00:00:00,2595.0,577.0
261,3,00/09-29-055-18W5/0,2,12/20/1996 00:00:00,1898.0,1885.0
262,5,00/09-29-055-18W5/0,1,2/12/1997 00:00:00,2584.0,2574.0
263,1,00/11-16-049-14W5/0,1,3/2/1980 00:00:00,3166.0,3161.5
264,2,00/11-16-049-14W5/0,1,2/9/1979 00:00:00,3166.0,3161.0
265,2,00/11-16-049-14W5/0,1,2/4/1980 00:00:00,3166.0,3161.0
266,2,00/11-16-049-14W5/0,1,2/17/1980 00:00:00,3166.0,3161.0
267,1,00/05-07-056-24W5/0,1,7/17/1980 00:00:00,2316.0,2296.0
268,2,00/05-07-056-24W5/0,2,7/17/1980 00:00:00,2316.0,2290.0
269,3,00/05-07-056-24W5/0,1,6/6/1980 00:00:00,2305.0,2297.0
270,1,00/10-01-056-19W5/0,1,12/10/1992 00:00:00,3681.0,3678.0
271,1,00/10-01-056-19W5/0,1,4/6/1994 00:00:00,3681.0,3678.0
272,2,00/10-01-056-19W5/0,1,1/31/1993 00:00:00,2222.0,2217.0
273,1,00/14-17-055-19W5/0,1,9/2/1970 00:00:00,2496.62,2488.39
274,2,00/14-17-055-19W5/0,1,8/23/1970 00:00:00,3589.63,3582.01
275,3,00/14-17-055-19W5/0,2,9/2/1970 00:00:00,2499.6,2488.4
276,4,00/14-17-055-19W5/0,1,8/25/1970 00:00:00,3589.6,3582.0
277,1,00/06-29-045-14W5/0,1,4/19/1979 00:00:00,1978.5,1972.0
278,1,00/16-09-066-13W5/0,1,10/26/1984 00:00:00,2335.0,2328.0
279,1,00/16-09-066-13W5/0,2,10/26/1984 00:00:00,2335.0,2328.0
280,2,00/16-09-066-13W5/0,1,12/22/1999 00:00:00,2333.3,2331.0
281,3,00/16-09-066-13W5/0,1,10/23/1984 00:00:00,2334.0,2329.0
282,3,00/16-09-066-13W5/0,2,10/23/1984 00:00:00,2334.0,2329.0
283,1,00/11-22-044-16W5/0,1,5/19/2001 00:00:00,4805.0,4719.0
284,2,00/11-22-044-16W5/0,1,2/19/2001 00:00:00,4676.8,4675.0
285,3,00/11-22-044-16W5/0,1,12/31/1978 00:00:00,2873.0,2837.5
286,1,00/06-26-047-15W5/0,1,8/24/1960 00:00:00,3107.44,3087.93
287,2,00/06-26-047-15W5/0,1,7/15/1974 00:00:00,3104.39,3087.9
288,3,00/06-26-047-15W5/0,1,5/26/1960 00:00:00,3212.6,3192.8
289,1,00/11-14-066-13W5/0,1,12/20/1984 00:00:00,2895.2,2885.3
290,1,00/10-07-047-17W5/0,1,10/13/1979 00:00:00,2791.0,2774.0
291,1,00/08-23-043-16W5/0,1,2/24/1981 00:00:00,4988.0,4954.0
292,1,00/01-09-040-12W5/0,1,4/27/1984 00:00:00,3718.0,3698.0
293,1,00/04-04-036-10W5/0,1,9/14/1998 00:00:00,991.0,983.0
294,1,00/04-04-036-10W5/0,1,10/16/1998 00:00:00,991.0,983.0
295,1,00/10-27-060-27W4/0,1,2/13/2011 00:00:00,736.2,727.6
296,1,00/10-35-059-03W5/0,1,10/29/1964 00:00:00,871.73,862.58
297,2,00/10-35-059-03W5/0,1,2/17/1979 00:00:00,482.19,478.54
298,1,00/11-15-068-02W6/0,1,8/24/1976 00:00:00,1566.67,1558.75
299,2,00/11-15-068-02W6/0,1,9/2/1976 00:00:00,1909.27,1900.12
300,3,00/11-15-068-02W6/0,1,8/26/1976 00:00:00,1666.65,1650.49
301,1,00/09-01-077-16W5/0,1,3/7/1977 00:00:00,481.58,467.87
302,2,00/09-01-077-16W5/0,1,3/8/1977 00:00:00,533.4,522.73
303,3,00/09-01-077-16W5/0,1,3/9/1977 00:00:00,806.2,792.48
304,1,00/07-23-048-11W4/0,1,2/8/2002 00:00:00,647.7,644.7
305,2,00/07-23-048-11W4/0,1,1/6/1985 00:00:00,647.7,644.6
306,1,00/11-09-052-26W4/0,1,11/21/1972 00:00:00,1367.94,1363.68
307,1,00/11-06-073-24W5/0,1,1/31/1973 00:00:00,1331.98,1314.3
308,1,00/07-29-072-22W5/0,1,11/5/1973 00:00:00,2442.36,2426.21
309,2,00/07-29-072-22W5/0,1,11/21/1973 00:00:00,2846.53,2841.96
310,2,00/07-29-072-22W5/0,2,11/21/1973 00:00:00,2846.53,2841.96
311,3,00/07-29-072-22W5/0,1,9/30/1974 00:00:00,2846.22,2844.39
312,1,00/10-13-069-20W5/0,1,11/30/1969 00:00:00,1403.6,1392.94
313,2,00/10-13-069-20W5/0,1,3/25/1975 00:00:00,1401.5,1397.2
314,1,00/14-29-069-19W5/0,1,10/18/1960 00:00:00,442.5,440.92
315,1,00/14-29-069-19W5/0,1,6/6/1962 00:00:00,442.5,440.92
316,1,00/10-11-066-22W5/0,1,3/25/1978 00:00:00,1745.28,1742.24
317,2,00/10-11-066-22W5/0,1,2/13/1978 00:00:00,1837.03,1820.27
318,3,00/10-11-066-22W5/0,1,1/24/1978 00:00:00,1757.17,1714.5
319,4,00/10-11-066-22W5/0,1,1/6/1978 00:00:00,1745.3,1342.2
320,1,00/16-17-069-19W5/0,1,10/13/1970 00:00:00,2728.87,2707.54
321,1,00/10-17-065-19W5/0,1,3/4/1959 00:00:00,2459.74,2446.02
322,2,00/10-17-065-19W5/0,1,3/17/1959 00:00:00,2459.7,2446.0
323,1,00/02-15-064-19W5/0,1,4/6/2003 00:00:00,2972.4,2929.1
324,1,00/02-15-064-19W5/0,1,1/31/2006 00:00:00,2972.4,2929.1
325,1,00/02-15-064-19W5/0,1,6/28/2006 00:00:00,2972.4,2929.1
326,1,00/02-15-064-19W5/0,2,6/28/2006 00:00:00,2972.4,2929.1
327,1,00/02-15-064-19W5/0,3,6/28/2006 00:00:00,2972.4,2929.1
328,1,00/02-15-064-19W5/0,1,7/21/2010 00:00:00,2972.4,2929.1
329,2,00/02-15-064-19W5/0,1,12/16/1989 00:00:00,2972.0,2924.1
330,2,00/02-15-064-19W5/0,1,7/16/1990 00:00:00,2972.0,2924.1
331,2,00/02-15-064-19W5/0,1,11/21/1990 00:00:00,2972.0,2924.1
332,3,00/02-15-064-19W5/0,1,8/14/1990 00:00:00,2972.0,2929.0
333,3,00/02-15-064-19W5/0,1,2/17/1991 00:00:00,2972.0,2929.0
334,3,00/02-15-064-19W5/0,1,5/18/1991 00:00:00,2972.0,2929.0
335,3,00/02-15-064-19W5/0,1,1/17/1992 00:00:00,2972.0,2929.0
336,1,00/02-28-064-19W5/0,1,1/4/1991 00:00:00,2964.5,2931.5
337,1,00/02-28-064-19W5/0,1,4/11/1991 00:00:00,2964.5,2931.5
338,1,00/02-28-064-19W5/0,1,11/10/1991 00:00:00,2964.5,2931.5
339,4,00/02-28-064-19W5/0,1,11/16/2005 00:00:00,2964.5,2938.9
340,4,00/02-28-064-19W5/0,1,6/28/2006 00:00:00,2964.5,2938.9
341,4,00/02-28-064-19W5/0,2,6/28/2006 00:00:00,2964.5,2938.9
342,4,00/02-28-064-19W5/0,3,6/28/2006 00:00:00,2964.5,2938.9
343,4,00/02-28-064-19W5/0,1,4/20/2010 00:00:00,2964.5,2938.9
344,1,00/07-22-064-19W5/0,1,1/5/1991 00:00:00,2956.9,2921.2
345,1,00/07-22-064-19W5/0,1,4/6/1991 00:00:00,2956.9,2921.2
346,1,00/07-22-064-19W5/0,1,6/14/1991 00:00:00,2956.9,2921.2
347,1,00/07-22-064-19W5/0,1,11/9/1991 00:00:00,2956.9,2921.2
348,1,00/07-22-064-19W5/0,1,2/17/1992 00:00:00,2956.9,2921.2
349,2,00/07-22-064-19W5/0,1,8/26/1961 00:00:00,2941.32,2938.88
350,3,00/07-22-064-19W5/0,1,6/13/1957 00:00:00,2926.08,2918.16
351,4,00/07-22-064-19W5/0,2,6/13/1957 00:00:00,2933.7,2917.55
352,5,00/07-22-064-19W5/0,1,4/10/1957 00:00:00,2481.7,2456.7
353,1,00/10-34-064-19W5/0,1,12/27/1967 00:00:00,1401.47,1393.55
354,1,00/10-34-064-19W5/0,1,9/3/1970 00:00:00,1401.47,1393.55
355,2,00/10-34-064-19W5/0,1,11/16/1960 00:00:00,1407.87,1401.78
356,3,00/10-34-064-19W5/0,1,7/22/1971 00:00:00,1399.03,1391.41
357,5,00/10-34-064-19W5/0,1,7/30/1966 00:00:00,1401.5,1393.5
358,6,00/10-34-064-19W5/0,1,1/18/1992 00:00:00,2938.0,2905.0
359,1,00/12-35-064-19W5/0,1,1/8/1991 00:00:00,2925.5,2901.1
360,1,00/12-35-064-19W5/0,1,4/5/1991 00:00:00,2925.5,2901.1
361,1,00/12-35-064-19W5/0,1,11/18/1991 00:00:00,2925.5,2901.1
362,1,00/07-10-058-13W5/0,1,1/18/1974 00:00:00,1832.46,1817.83
363,1,00/07-10-058-13W5/0,2,1/18/1974 00:00:00,1832.46,1817.83
364,2,00/07-10-058-13W5/0,1,1/16/1974 00:00:00,2216.51,2194.56
365,2,00/07-10-058-13W5/0,2,1/16/1974 00:00:00,2216.51,2194.56
366,3,00/07-10-058-13W5/0,1,1/14/1974 00:00:00,2752.34,2718.82
367,3,00/07-10-058-13W5/0,2,1/14/1974 00:00:00,2752.34,2718.82
368,4,00/07-10-058-13W5/0,1,2/4/1974 00:00:00,1496.57,1490.47
369,5,00/07-10-058-13W5/0,3,1/16/1974 00:00:00,2216.5,2194.5
370,1,00/07-30-050-22W4/0,1,10/17/1960 00:00:00,1188.42,1171.96
371,2,00/07-30-050-22W4/0,1,10/30/1960 00:00:00,1354.84,1351.18
372,3,00/07-30-050-22W4/0,1,10/23/1960 00:00:00,1227.12,1222.25
373,4,00/07-30-050-22W4/0,1,10/20/1960 00:00:00,1213.41,1204.87
374,5,00/07-30-050-22W4/0,1,10/18/1960 00:00:00,1204.57,1196.34
375,6,00/07-30-050-22W4/0,1,10/28/1960 00:00:00,1351.79,1333.5
376,8,00/07-30-050-22W4/0,1,11/2/1960 00:00:00,1351.8,1333.5
377,1,00/03-32-060-15W5/0,1,1/29/1971 00:00:00,2610.3,2602.4
378,2,00/03-32-060-15W5/0,1,1/18/1971 00:00:00,2646.3,2594.5
379,1,00/10-16-064-19W5/0,1,12/13/1989 00:00:00,2999.2,2966.6
380,1,00/10-16-064-19W5/0,1,6/17/1990 00:00:00,2999.2,2966.6
381,1,00/10-16-064-19W5/0,1,8/11/1990 00:00:00,2999.2,2966.6
382,1,00/10-16-064-19W5/0,1,2/17/1991 00:00:00,2999.2,2966.6
383,1,00/10-16-064-19W5/0,1,5/19/1991 00:00:00,2999.2,2966.6
384,1,00/10-16-064-19W5/0,1,1/18/1992 00:00:00,2999.2,2966.6
385,2,00/10-16-064-19W5/0,1,10/2/1958 00:00:00,2999.23,2966.62
386,1,00/12-09-064-19W5/0,1,9/20/1959 00:00:00,1493.52,1477.67
387,2,00/12-09-064-19W5/0,1,3/15/2001 00:00:00,3023.6,2977.9
388,2,00/12-09-064-19W5/0,1,10/26/2012 00:00:00,3023.6,2977.9
389,2,00/12-09-064-19W5/0,1,10/23/2015 00:00:00,3023.6,2977.9
390,4,00/12-09-064-19W5/0,1,6/5/2006 00:00:00,3023.6,2988.3
391,4,00/12-09-064-19W5/0,1,10/19/2007 00:00:00,3023.6,2988.3
392,4,00/12-09-064-19W5/0,2,10/19/2007 00:00:00,3023.6,2988.3
393,4,00/12-09-064-19W5/0,1,4/11/2010 00:00:00,3023.6,2988.3
394,4,00/12-09-064-19W5/0,1,7/22/2010 00:00:00,3023.6,2988.3
395,4,00/12-09-064-19W5/0,1,10/7/2011 00:00:00,3023.6,2988.3
396,4,00/12-09-064-19W5/0,1,10/25/2017 00:00:00,3023.6,2988.3
397,1,00/10-36-059-13W5/0,1,9/23/1992 00:00:00,1656.9,1652.8
398,2,00/10-36-059-13W5/0,1,2/3/1973 00:00:00,1655.67,1639.82
399,3,00/10-36-059-13W5/0,1,9/9/1979 00:00:00,1656.89,1653.84
400,4,00/10-36-059-13W5/0,1,2/8/1973 00:00:00,1656.8,1644.7
401,4,00/10-36-059-13W5/0,2,9/23/1992 00:00:00,1656.8,1644.7
402,9,00/10-36-059-13W5/0,1,11/26/1982 00:00:00,1656.9,1653.5
403,10,00/10-36-059-13W5/0,1,8/10/2017 00:00:00,1656.9,1652.9
404,1,00/10-17-064-19W5/0,1,12/27/1966 00:00:00,1490.47,1485.9
405,1,00/10-17-064-19W5/0,1,9/3/1970 00:00:00,1490.47,1485.9
406,1,00/10-17-064-19W5/0,1,9/15/1980 00:00:00,1490.47,1485.9
407,2,00/10-17-064-19W5/0,1,8/28/1958 00:00:00,1502.66,1481.33
408,4,00/10-17-064-19W5/0,1,3/12/2001 00:00:00,3047.1,3005.6
409,4,00/10-17-064-19W5/0,1,4/5/2003 00:00:00,3047.1,3005.6
410,4,00/10-17-064-19W5/0,1,4/15/2011 00:00:00,3047.1,3005.6
411,4,00/10-17-064-19W5/0,1,4/20/2018 00:00:00,3047.1,3005.6
412,6,00/10-17-064-19W5/0,1,6/29/2006 00:00:00,1490.5,1485.9
413,6,00/10-17-064-19W5/0,2,6/29/2006 00:00:00,1490.5,1485.9
414,7,00/10-17-064-19W5/0,1,2/25/2005 00:00:00,3023.0,3005.6
415,1,00/12-22-063-19W5/0,1,10/19/1959 00:00:00,1818.74,1803.5
416,1,00/10-18-063-19W5/0,1,1/24/1963 00:00:00,1591.06,1584.96
417,5,00/10-18-063-19W5/0,1,10/15/1994 00:00:00,1862.9,1837.5
418,6,00/10-18-063-19W5/0,1,9/29/2007 00:00:00,1862.3,1845.6
419,7,00/10-18-063-19W5/0,1,10/29/2007 00:00:00,1589.0,1584.5
420,7,00/10-18-063-19W5/0,2,10/29/2007 00:00:00,1589.0,1584.5
421,7,00/10-18-063-19W5/0,3,10/29/2007 00:00:00,1589.0,1584.5
422,7,00/10-18-063-19W5/0,1,1/16/2009 00:00:00,1589.0,1584.5
423,1,00/05-05-064-18W5/0,1,7/11/1957 00:00:00,1487.42,1476.76
424,2,00/05-05-064-18W5/0,1,7/27/1957 00:00:00,1763.27,1749.55
425,3,00/05-05-064-18W5/0,1,10/25/2000 00:00:00,1758.0,1750.0
426,3,00/05-05-064-18W5/0,1,1/12/2006 00:00:00,1758.0,1750.0
427,3,00/05-05-064-18W5/0,1,2/21/2007 00:00:00,1758.0,1750.0
428,3,00/05-05-064-18W5/0,1,2/21/2008 00:00:00,1758.0,1750.0
429,3,00/05-05-064-18W5/0,1,1/10/2011 00:00:00,1758.0,1750.0
430,1,00/07-33-063-19W5/0,1,11/3/1957 00:00:00,3029.1,3004.72
431,2,00/07-33-063-19W5/0,1,7/19/1990 00:00:00,3029.1,3004.7
432,2,00/07-33-063-19W5/0,1,9/24/1990 00:00:00,3029.1,3004.7
433,2,00/07-33-063-19W5/0,1,1/27/1992 00:00:00,3029.1,3004.7
434,2,00/07-33-063-19W5/0,1,9/27/1992 00:00:00,3029.1,3004.7
435,1,00/04-11-065-19W5/0,1,8/15/1960 00:00:00,1705.97,1693.47
436,2,00/04-11-065-19W5/0,1,10/12/1960 00:00:00,2963.88,2939.8
437,3,00/04-11-065-19W5/0,1,11/12/1960 00:00:00,2963.9,2939.8
438,3,00/04-11-065-19W5/0,1,1/16/1991 00:00:00,2963.9,2939.8
439,3,00/04-11-065-19W5/0,1,4/7/1991 00:00:00,2963.9,2939.8
440,3,00/04-11-065-19W5/0,1,12/2/1991 00:00:00,2963.9,2939.8
441,3,00/04-11-065-19W5/0,1,2/20/1992 00:00:00,2963.9,2939.8
442,3,00/04-11-065-19W5/0,1,6/28/2006 00:00:00,2963.9,2939.8
443,3,00/04-11-065-19W5/0,2,6/28/2006 00:00:00,2963.9,2939.8
444,3,00/04-11-065-19W5/0,3,6/28/2006 00:00:00,2963.9,2939.8
445,3,00/04-11-065-19W5/0,1,4/20/2010 00:00:00,2963.9,2939.8
446,4,00/04-11-065-19W5/0,1,3/25/2003 00:00:00,2963.9,2953.5
447,9,00/04-11-065-19W5/0,1,8/18/2017 00:00:00,2963.4,2939.8
448,1,00/10-25-066-20W5/0,1,2/27/1973 00:00:00,1621.54,1615.44
449,1,00/13-08-063-20W5/0,1,1/7/1977 00:00:00,3247.3,3203.4
450,1,00/11-28-068-19W5/0,1,12/23/1973 00:00:00,2819.4,2790.44
451,1,00/02-27-063-19W5/0,1,2/14/1990 00:00:00,3048.9,3009.0
452,2,00/02-27-063-19W5/0,1,2/17/1990 00:00:00,3058.0,3009.0
453,2,00/02-27-063-19W5/0,1,11/20/1990 00:00:00,3058.0,3009.0
454,2,00/02-27-063-19W5/0,1,2/24/1991 00:00:00,3058.0,3009.0
455,2,00/02-27-063-19W5/0,1,5/20/1991 00:00:00,3058.0,3009.0
456,2,00/02-27-063-19W5/0,1,1/24/1992 00:00:00,3058.0,3009.0
457,3,00/02-27-063-19W5/0,1,8/17/1990 00:00:00,3059.0,3009.0
458,1,00/05-31-065-06W5/0,1,8/21/1957 00:00:00,2167.13,2164.08
459,2,00/05-31-065-06W5/0,1,8/14/1957 00:00:00,2172.31,2160.42
460,1,00/02-18-063-18W5/0,1,11/23/1959 00:00:00,2558.8,2538.98
461,2,00/02-18-063-18W5/0,1,10/30/1959 00:00:00,1791.31,1766.93
462,3,00/02-18-063-18W5/0,1,10/26/1959 00:00:00,1543.51,922.02
463,4,00/02-18-063-18W5/0,2,6/28/1987 00:00:00,1569.1,1537.4
464,4,00/02-18-063-18W5/0,1,6/27/2006 00:00:00,1569.1,1537.4
465,4,00/02-18-063-18W5/0,2,6/27/2006 00:00:00,1569.1,1537.4
466,4,00/02-18-063-18W5/0,3,6/27/2006 00:00:00,1569.1,1537.4
467,1,00/10-01-065-18W5/0,1,2/26/2004 00:00:00,1391.1,1385.0
468,1,00/10-01-065-18W5/0,1,8/19/2004 00:00:00,1391.1,1385.0
469,1,00/10-01-065-18W5/0,1,7/25/2005 00:00:00,1391.1,1385.0
470,2,00/10-01-065-18W5/0,1,1/10/1972 00:00:00,1391.11,1387.45
471,3,00/10-01-065-18W5/0,1,1/5/1961 00:00:00,1397.51,1386.84
472,5,00/10-01-065-18W5/0,1,5/3/2001 00:00:00,2248.0,2227.1
473,6,00/10-01-065-18W5/0,1,12/27/1960 00:00:00,1660.0,1649.0
474,7,00/10-01-065-18W5/0,1,12/25/1960 00:00:00,1644.4,1635.3
475,1,00/10-07-060-17W5/0,1,1/17/1976 00:00:00,2622.5,2592.32
476,2,00/10-07-060-17W5/0,1,10/16/1995 00:00:00,1936.0,1929.0
477,3,00/10-07-060-17W5/0,1,1/22/1976 00:00:00,2622.5,2592.3
478,1,00/10-16-064-22W5/0,1,10/30/1986 00:00:00,626.79,625.88
479,2,00/10-16-064-22W5/0,1,1/16/1979 00:00:00,2057.4,2053.4
480,2,00/10-16-064-22W5/0,1,3/16/2000 00:00:00,2057.4,2053.4
481,3,00/10-16-064-22W5/0,2,10/30/1986 00:00:00,2056.4,2053.4
482,4,00/10-16-064-22W5/0,1,12/28/2005 00:00:00,2056.0,2052.5
483,4,00/10-16-064-22W5/0,1,1/25/2007 00:00:00,2056.0,2052.5
484,5,00/10-16-064-22W5/0,1,4/6/2009 00:00:00,2056.0,2052.0
485,1,00/06-23-063-18W5/0,1,2/25/1971 00:00:00,2965.4,2947.42
486,1,00/10-25-063-18W5/0,1,2/10/1963 00:00:00,1736.75,1719.99
487,2,00/10-25-063-18W5/0,1,2/12/1963 00:00:00,1759.92,1756.26
488,3,00/10-25-063-18W5/0,1,3/21/1980 00:00:00,1480.7,1477.4
489,3,00/10-25-063-18W5/0,1,4/5/1980 00:00:00,1480.7,1477.4
490,3,00/10-25-063-18W5/0,1,6/27/2006 00:00:00,1480.7,1477.4
491,3,00/10-25-063-18W5/0,2,6/27/2006 00:00:00,1480.7,1477.4
492,1,00/06-03-051-07W5/0,1,6/1/1978 00:00:00,1804.42,1783.69
493,2,00/06-03-051-07W5/0,1,6/14/1978 00:00:00,2271.7,2262.2
494,2,00/02-14-064-18W5/0,1,3/1/1964 00:00:00,2962.66,2950.46
495,4,00/02-14-064-18W5/0,1,2/27/2000 00:00:00,2958.4,2953.5
496,5,00/02-14-064-18W5/0,1,6/27/2003 00:00:00,820.4,816.6
497,6,00/02-14-064-18W5/0,1,1/24/2002 00:00:00,2303.5,2301.5
498,7,00/02-14-064-18W5/0,1,10/25/2000 00:00:00,1821.5,1813.5
499,1,00/10-29-059-18W5/0,1,9/3/1970 00:00:00,3189.43,3167.48
500,1,00/10-29-059-18W5/0,2,9/3/1970 00:00:00,3189.43,3167.48
501,1,00/10-29-059-18W5/0,3,9/3/1970 00:00:00,3189.43,3167.48
502,2,00/10-29-059-18W5/0,4,9/3/1970 00:00:00,3189.4,3167.5
503,2,00/10-29-059-18W5/0,5,9/3/1970 00:00:00,3189.4,3167.5
504,2,00/10-29-059-18W5/0,6,9/3/1970 00:00:00,3189.4,3167.5
505,2,00/10-29-059-18W5/0,1,1/24/2007 00:00:00,3189.4,3167.5
506,2,00/10-29-059-18W5/0,1,2/19/2008 00:00:00,3189.4,3167.5
507,2,00/10-29-059-18W5/0,1,12/4/2008 00:00:00,3189.4,3167.5
508,2,00/10-29-059-18W5/0,1,6/11/2009 00:00:00,3189.4,3167.5
509,2,00/10-29-059-18W5/0,1,7/20/2010 00:00:00,3189.4,3167.5
510,2,00/10-29-059-18W5/0,1,5/11/2012 00:00:00,3189.4,3167.5
511,1,00/12-25-069-19W5/0,1,3/8/1973 00:00:00,1546.7,1527.0
512,1,00/06-10-061-17W5/0,1,11/17/1977 00:00:00,3017.2,3010.5
513,1,00/11-32-056-13W5/0,1,11/21/1977 00:00:00,3013.86,2998.01
514,1,00/11-32-056-13W5/0,2,11/21/1977 00:00:00,3013.86,2998.01
515,2,00/11-32-056-13W5/0,1,12/17/1977 00:00:00,3007.2,3005.3
516,2,00/11-32-056-13W5/0,2,12/17/1977 00:00:00,3007.2,3005.3
517,1,00/10-18-063-21W5/0,1,9/27/1975 00:00:00,2057.4,2039.11
518,3,00/10-18-063-21W5/0,1,3/2/2001 00:00:00,2043.37,2039.11
519,5,00/10-18-063-21W5/0,1,2/13/2008 00:00:00,2053.0,2039.1
520,1,00/11-27-062-20W5/0,1,8/10/1961 00:00:00,1978.15,1958.34
521,2,00/11-27-062-20W5/0,1,8/30/1961 00:00:00,2164.08,2127.5
522,3,00/11-27-062-20W5/0,1,9/10/1961 00:00:00,3187.6,3172.36
523,5,00/11-27-062-20W5/0,1,7/23/1961 00:00:00,3185.5,3182.4
524,5,00/11-27-062-20W5/0,1,10/4/1967 00:00:00,3185.5,3182.4
525,5,00/11-27-062-20W5/0,1,10/6/1967 00:00:00,3185.5,3182.4
526,5,00/11-27-062-20W5/0,2,10/6/1967 00:00:00,3185.5,3182.4
527,6,00/11-27-062-20W5/0,1,5/22/1980 00:00:00,1959.5,1949.8
528,7,00/11-27-062-20W5/0,1,9/13/1961 00:00:00,3195.5,3188.2
529,7,00/11-27-062-20W5/0,2,9/13/1961 00:00:00,3195.5,3188.2
530,8,00/11-27-062-20W5/0,1,5/7/1987 00:00:00,1963.5,1953.8
531,9,00/11-27-062-20W5/0,1,12/12/1968 00:00:00,1950.7,1949.5
532,1,00/11-21-064-25W5/0,1,1/7/1974 00:00:00,3877.06,3083.05
533,2,00/11-21-064-25W5/0,1,12/13/1973 00:00:00,3081.53,3057.14
534,2,00/11-21-064-25W5/0,1,12/14/1973 00:00:00,3081.53,3057.14
535,2,00/10-18-065-23W5/0,1,11/10/1962 00:00:00,3445.5,3424.4
536,5,00/10-18-065-23W5/0,1,6/11/1963 00:00:00,3445.46,3424.37
537,5,00/10-18-065-23W5/0,1,9/9/1968 00:00:00,3445.46,3424.37
538,6,00/10-18-065-23W5/0,1,6/21/2009 00:00:00,3429.3,3424.4
539,1,00/12-35-061-18W5/0,1,8/2/1978 00:00:00,1868.9,1865.3
540,2,00/12-35-061-18W5/0,1,11/18/2010 00:00:00,1611.0,1606.0
541,3,00/12-35-061-18W5/0,1,4/1/1976 00:00:00,3062.02,3029.71
542,4,00/12-35-061-18W5/0,1,4/3/1976 00:00:00,1611.17,1604.77
543,4,00/12-35-061-18W5/0,2,4/3/1976 00:00:00,1611.17,1604.77
544,5,00/12-35-061-18W5/0,1,4/4/1976 00:00:00,1876.04,1860.8
545,5,00/12-35-061-18W5/0,2,4/4/1976 00:00:00,1876.04,1860.8
546,6,00/12-35-061-18W5/0,1,4/5/1976 00:00:00,1991.87,1979.68
547,7,00/12-35-061-18W5/0,1,8/16/2003 00:00:00,1883.0,1606.0
548,10,00/12-35-061-18W5/0,1,8/8/2008 00:00:00,1611.0,1060.0
549,11,00/12-35-061-18W5/0,1,8/12/2011 00:00:00,1868.9,1606.0
550,11,00/12-35-061-18W5/0,1,1/6/2014 00:00:00,1868.9,1606.0
551,11,00/12-35-061-18W5/0,1,10/10/2014 00:00:00,1868.9,1606.0
552,11,00/12-35-061-18W5/0,1,8/14/2016 00:00:00,1868.9,1606.0
553,1,00/06-13-060-18W5/0,1,3/5/1977 00:00:00,1978.15,1950.11
554,2,00/06-13-060-18W5/0,1,10/5/1981 00:00:00,1976.9,1975.1
555,2,00/06-13-060-18W5/0,1,1/27/1983 00:00:00,1976.9,1975.1
556,2,00/06-13-060-18W5/0,2,1/27/1983 00:00:00,1976.9,1975.1
557,2,00/06-13-060-18W5/0,1,5/10/1984 00:00:00,1976.9,1975.1
558,2,00/06-13-060-18W5/0,1,7/25/1988 00:00:00,1976.9,1975.1
559,2,00/06-13-060-18W5/0,1,8/2/2001 00:00:00,1976.9,1975.1
560,4,00/06-13-060-18W5/0,1,4/13/1977 00:00:00,1981.8,1980.0
561,1,00/12-33-055-13W5/0,1,1/9/1963 00:00:00,2072.03,2062.89
562,2,00/12-33-055-13W5/0,2,1/9/1963 00:00:00,2072.0,2062.9
563,1,00/07-22-063-24W5/0,1,12/18/1976 00:00:00,2223.21,2214.07
564,5,00/07-22-063-24W5/0,1,3/10/1980 00:00:00,2220.5,2215.6
565,1,00/14-29-048-06W5/0,1,11/4/1953 00:00:00,896.42,875.08
566,1,00/06-34-054-15W5/0,1,5/3/1971 00:00:00,3196.1,3191.9
567,1,00/06-34-054-15W5/0,2,5/3/1971 00:00:00,3196.1,3191.9
568,1,00/06-34-054-15W5/0,1,8/4/1971 00:00:00,3196.1,3191.9
569,1,00/06-34-054-15W5/0,1,12/4/1986 00:00:00,3196.1,3191.9
570,1,00/06-34-054-15W5/0,2,12/4/1986 00:00:00,3196.1,3191.9
571,1,00/12-01-064-24W5/0,1,2/27/1981 00:00:00,1594.0,1592.0
572,1,00/12-01-064-24W5/0,2,2/27/1981 00:00:00,1594.0,1592.0
573,2,00/12-01-064-24W5/0,1,11/1/1961 00:00:00,1593.8,1591.97
574,3,00/12-01-064-24W5/0,1,3/29/1969 00:00:00,1594.71,1590.14
575,3,00/12-01-064-24W5/0,2,3/29/1969 00:00:00,1594.71,1590.14
576,4,00/12-01-064-24W5/0,1,8/28/1961 00:00:00,1594.7,1590.1
577,4,00/12-01-064-24W5/0,1,3/1/1997 00:00:00,1594.7,1590.1
578,4,00/12-01-064-24W5/0,1,12/11/1997 00:00:00,1594.7,1590.1
579,4,00/12-01-064-24W5/0,2,12/11/1997 00:00:00,1594.7,1590.1
580,4,00/12-01-064-24W5/0,1,7/22/1999 00:00:00,1594.7,1590.1
581,4,00/12-01-064-24W5/0,1,3/10/2001 00:00:00,1594.7,1590.1
582,4,00/12-01-064-24W5/0,1,1/12/2007 00:00:00,1594.7,1590.1
583,4,00/12-01-064-24W5/0,1,10/17/2007 00:00:00,1594.7,1590.1
584,4,00/12-01-064-24W5/0,1,3/1/2008 00:00:00,1594.7,1590.1
585,4,00/12-01-064-24W5/0,1,3/4/2009 00:00:00,1594.7,1590.1
586,4,00/12-01-064-24W5/0,1,4/2/2012 00:00:00,1594.7,1590.1
587,4,00/12-01-064-24W5/0,2,4/2/2012 00:00:00,1594.7,1590.1
588,5,00/12-01-064-24W5/0,1,6/27/1973 00:00:00,1594.7,1590.8
589,4,00/04-18-065-23W5/0,1,3/30/2006 00:00:00,3446.4,3413.6
590,1,00/11-05-055-15W5/0,1,10/5/1975 00:00:00,2192.12,2156.76
591,3,00/11-05-055-15W5/0,1,11/8/1975 00:00:00,2165.9,2161.6
592,1,00/07-11-064-25W5/0,1,2/15/1975 00:00:00,2307.34,2292.1
593,2,00/07-11-064-25W5/0,1,3/20/1975 00:00:00,2141.52,2132.69
594,1,00/07-07-061-16W5/0,1,8/22/2008 00:00:00,1674.0,1670.0
595,1,00/07-07-061-16W5/0,1,8/3/2012 00:00:00,1674.0,1670.0
596,1,00/07-07-061-16W5/0,1,3/10/2014 00:00:00,1674.0,1670.0
597,1,00/07-07-061-16W5/0,1,2/1/2015 00:00:00,1674.0,1670.0
598,2,00/07-07-061-16W5/0,1,1/3/1978 00:00:00,1880.62,1854.71
599,2,00/07-07-061-16W5/0,2,1/3/1978 00:00:00,1880.62,1854.71
600,3,00/07-07-061-16W5/0,1,3/21/1978 00:00:00,1882.44,1864.16
601,4,00/07-07-061-16W5/0,2,3/21/1978 00:00:00,1882.4,1864.2
602,4,00/07-07-061-16W5/0,1,1/4/2018 00:00:00,1882.4,1864.2
603,5,00/07-07-061-16W5/0,1,9/10/1982 00:00:00,1882.5,1864.2
604,5,00/07-07-061-16W5/0,1,3/29/1989 00:00:00,1882.5,1864.2
605,2,00/07-14-062-20W5/0,1,3/13/1965 00:00:00,3304.0,2782.8
606,3,00/07-14-062-20W5/0,1,8/9/1965 00:00:00,3214.4,3205.9
607,3,00/07-14-062-20W5/0,2,8/9/1965 00:00:00,3214.4,3205.9
608,1,00/11-26-062-14W5/0,1,1/17/1977 00:00:00,1749.6,1734.3
609,1,00/10-29-064-23W5/0,1,4/1/1980 00:00:00,1526.4,1522.8
610,1,00/10-29-064-23W5/0,1,2/27/1981 00:00:00,1526.4,1522.8
611,1,00/10-29-064-23W5/0,1,1/25/2007 00:00:00,1526.4,1522.8
612,1,00/10-29-064-23W5/0,1,3/1/2008 00:00:00,1526.4,1522.8
613,1,00/10-29-064-23W5/0,1,5/8/2009 00:00:00,1526.4,1522.8
614,1,00/10-29-064-23W5/0,1,4/6/2012 00:00:00,1526.4,1522.8
615,1,00/10-29-064-23W5/0,1,12/2/2015 00:00:00,1526.4,1522.8
616,2,00/10-29-064-23W5/0,2,2/27/1981 00:00:00,1525.2,1522.8
617,4,00/10-29-064-23W5/0,1,12/14/1976 00:00:00,1526.38,1522.78
618,1,00/04-16-062-19W5/0,1,4/18/1959 00:00:00,1706.88,1676.4
619,1,00/06-06-062-19W5/0,1,4/9/1967 00:00:00,3208.9,3202.8
620,1,00/06-06-062-19W5/0,2,4/9/1967 00:00:00,3208.9,3202.8
621,2,00/06-06-062-19W5/0,1,3/18/1967 00:00:00,3225.4,3207.4
622,3,00/06-06-062-19W5/0,1,11/26/1968 00:00:00,3227.8,3200.4
623,3,00/06-06-062-19W5/0,2,11/26/1968 00:00:00,3227.8,3200.4
624,3,00/06-06-062-19W5/0,3,11/26/1968 00:00:00,3227.8,3200.4
625,1,00/02-18-062-18W5/0,1,7/11/1968 00:00:00,1941.88,1938.83
626,4,00/02-18-062-18W5/0,1,10/28/2002 00:00:00,1944.0,1922.4
627,4,00/02-18-062-18W5/0,1,8/25/2005 00:00:00,1944.0,1922.4
628,4,00/02-18-062-18W5/0,1,11/6/2006 00:00:00,1944.0,1922.4
629,4,00/02-18-062-18W5/0,1,5/13/2008 00:00:00,1944.0,1922.4
630,4,00/02-18-062-18W5/0,1,10/31/2009 00:00:00,1944.0,1922.4
631,4,00/02-18-062-18W5/0,1,8/29/2010 00:00:00,1944.0,1922.4
632,1,00/10-19-053-14W5/0,1,5/6/2004 00:00:00,2256.0,2250.0
633,1,02/10-21-062-18W5/0,1,4/30/1976 00:00:00,1900.73,1884.88
634,1,00/10-17-064-24W5/0,1,8/11/1977 00:00:00,1805.94,1786.13
635,1,00/10-17-064-24W5/0,2,8/11/1977 00:00:00,1805.94,1786.13
636,2,00/10-17-064-24W5/0,1,9/13/1977 00:00:00,3634.13,3624.38
637,3,00/10-17-064-24W5/0,1,9/18/1977 00:00:00,3092.5,3086.1
638,1,00/07-02-062-17W5/0,1,3/16/1978 00:00:00,1875.74,1859.28
639,2,00/07-02-062-17W5/0,1,3/19/1978 00:00:00,1623.97,1595.32
640,3,00/07-02-062-17W5/0,1,3/18/1978 00:00:00,2550.9,2528.6
641,1,00/16-27-063-09W5/0,1,2/12/1974 00:00:00,1383.79,1367.03
642,1,00/16-27-063-09W5/0,2,2/12/1974 00:00:00,1383.79,1367.03
643,2,00/16-27-063-09W5/0,1,2/18/1974 00:00:00,1430.43,1406.65
644,2,00/16-27-063-09W5/0,2,2/18/1974 00:00:00,1430.43,1406.65
645,3,00/16-27-063-09W5/0,1,3/11/1974 00:00:00,1440.18,1409.7
646,4,00/16-27-063-09W5/0,2,3/11/1974 00:00:00,1183.23,1168.6
647,1,00/07-14-062-18W5/0,1,11/9/1976 00:00:00,1911.1,1892.81
648,2,00/07-14-062-18W5/0,1,12/8/1976 00:00:00,3096.46,3092.2
649,3,00/07-14-062-18W5/0,2,12/8/1976 00:00:00,3099.51,3092.2
650,4,00/07-14-062-18W5/0,1,3/15/1977 00:00:00,3097.1,3094.3
651,4,00/07-14-062-18W5/0,1,3/16/1977 00:00:00,3097.1,3094.3
652,4,00/07-14-062-18W5/0,1,3/17/1977 00:00:00,3097.1,3094.3
653,5,00/07-14-062-18W5/0,1,12/3/1976 00:00:00,3099.5,3092.1
654,5,00/07-14-062-18W5/0,2,12/3/1976 00:00:00,3099.5,3092.1
655,1,00/06-33-062-17W5/0,1,1/21/1977 00:00:00,1830.32,1810.51
656,2,00/06-33-062-17W5/0,1,1/25/1977 00:00:00,1856.23,1838.86
657,3,00/06-33-062-17W5/0,1,2/6/1989 00:00:00,1946.0,1939.0
658,1,00/02-19-061-19W5/0,1,3/7/1958 00:00:00,2904.13,2891.64
659,2,00/02-19-061-19W5/0,1,2/12/2000 00:00:00,2049.0,2047.5
660,3,00/02-19-061-19W5/0,1,9/18/1999 00:00:00,2919.1,2896.8
661,3,00/02-19-061-19W5/0,1,9/19/1999 00:00:00,2919.1,2896.8
662,4,00/02-19-061-19W5/0,1,10/9/1999 00:00:00,2912.0,2908.5
663,5,00/02-19-061-19W5/0,1,3/13/1958 00:00:00,2904.1,2891.6
664,1,00/06-33-061-17W5/0,1,9/11/1973 00:00:00,1680.06,1648.66
665,2,00/06-26-059-18W5/0,1,3/4/1970 00:00:00,3227.2,3198.0
666,2,00/06-26-059-18W5/0,2,3/4/1970 00:00:00,3227.2,3198.0
667,2,00/06-26-059-18W5/0,3,3/4/1970 00:00:00,3227.2,3198.0
668,3,00/06-26-059-18W5/0,1,9/5/1984 00:00:00,3227.2,3197.9
669,1,00/11-33-060-20W5/0,1,3/15/1977 00:00:00,2200.66,2183.89
670,2,00/11-33-060-20W5/0,1,3/6/1977 00:00:00,1467.92,1458.47
671,4,00/11-33-060-20W5/0,1,3/25/1978 00:00:00,2196.7,2184.0
672,5,00/11-33-060-20W5/0,1,4/5/1977 00:00:00,3392.4,3372.6
673,1,00/11-05-053-15W5/0,1,12/11/1976 00:00:00,3416.8,3401.6
674,2,02/10-11-062-18W5/0,1,3/26/1977 00:00:00,3113.84,3105.91
675,1,00/10-08-059-19W5/0,1,9/17/1977 00:00:00,2034.24,2008.63
676,2,00/10-08-059-19W5/0,1,10/14/1977 00:00:00,2359.15,2336.9
677,1,00/11-09-062-16W5/0,1,1/19/1977 00:00:00,2982.5,2979.1
678,2,00/11-09-062-16W5/0,1,1/29/1977 00:00:00,2981.9,2979.1
679,1,00/10-20-062-16W5/0,1,1/30/1976 00:00:00,1575.82,1570.33
680,1,00/14-20-041-27W4/0,1,3/23/1955 00:00:00,985.42,974.14
681,1,00/10-17-062-16W5/0,1,8/16/1976 00:00:00,3003.19,2995.57
682,1,00/10-17-062-16W5/0,1,8/17/1976 00:00:00,3003.19,2995.57
683,2,00/10-17-062-16W5/0,1,8/8/1976 00:00:00,1978.15,1969.01
684,2,00/10-17-062-16W5/0,1,8/28/1976 00:00:00,1978.15,1969.01
685,3,00/10-17-062-16W5/0,1,9/1/1976 00:00:00,3005.33,2996.18
686,4,00/10-17-062-16W5/0,1,3/28/1978 00:00:00,3001.67,2965.7
687,6,00/10-17-062-16W5/0,1,7/13/1976 00:00:00,1840.0,1835.0
688,1,00/03-25-061-17W5/0,1,11/29/1977 00:00:00,1924.51,1898.9
689,2,00/03-25-061-17W5/0,1,12/5/1977 00:00:00,1911.1,1906.22
690,3,00/03-25-061-17W5/0,1,12/16/1980 00:00:00,1904.7,1901.6
691,3,00/03-25-061-17W5/0,1,3/23/1983 00:00:00,1904.7,1901.6
692,5,00/03-25-061-17W5/0,1,5/7/2004 00:00:00,1921.5,1901.6
693,7,00/03-25-061-17W5/0,1,11/21/1977 00:00:00,3067.8,3047.3
694,1,00/11-31-058-13W5/0,1,2/26/1973 00:00:00,1961.39,1938.53
695,1,00/06-35-060-18W5/0,1,6/24/2004 00:00:00,2073.5,2069.5
696,2,00/06-35-060-18W5/0,1,10/27/1976 00:00:00,1823.92,1814.78
697,3,00/06-35-060-18W5/0,1,8/1/1976 00:00:00,2084.83,2069.59
698,4,00/06-35-060-18W5/0,2,8/23/1980 00:00:00,1823.9,1814.8
699,4,00/06-35-060-18W5/0,1,8/24/1982 00:00:00,1823.9,1814.8
700,5,00/06-35-060-18W5/0,1,10/16/1976 00:00:00,2783.4,2749.3
701,6,00/06-35-060-18W5/0,1,8/23/1980 00:00:00,1916.0,1892.0
702,6,00/06-35-060-18W5/0,1,10/12/1982 00:00:00,1916.0,1892.0
703,1,00/10-06-061-17W5/0,1,11/14/1976 00:00:00,3191.5,3176.0
704,1,00/10-02-059-18W5/0,1,3/25/1969 00:00:00,3385.7,3272.94
705,2,00/10-02-059-18W5/0,1,9/30/1968 00:00:00,3272.9,3240.0
706,2,00/10-02-059-18W5/0,1,2/22/1969 00:00:00,3272.9,3240.0
707,2,00/10-02-059-18W5/0,2,2/22/1969 00:00:00,3272.9,3240.0
708,2,00/10-02-059-18W5/0,1,6/21/1984 00:00:00,3272.9,3240.0
709,2,00/10-02-059-18W5/0,1,8/15/1988 00:00:00,3272.9,3240.0
710,2,00/10-02-059-18W5/0,1,8/16/1988 00:00:00,3272.9,3240.0
711,2,00/10-02-059-18W5/0,1,8/17/1988 00:00:00,3272.9,3240.0
712,2,00/10-02-059-18W5/0,1,12/16/2005 00:00:00,3272.9,3240.0
713,2,00/10-02-059-18W5/0,2,12/16/2005 00:00:00,3272.9,3240.0
714,2,00/10-02-059-18W5/0,3,12/16/2005 00:00:00,3272.9,3240.0
715,2,00/10-02-059-18W5/0,1,12/19/2008 00:00:00,3272.9,3240.0
716,2,00/10-02-059-18W5/0,1,6/2/2009 00:00:00,3272.9,3240.0
717,2,00/10-02-059-18W5/0,1,7/15/2010 00:00:00,3272.9,3240.0
718,2,00/10-02-059-18W5/0,1,11/16/2011 00:00:00,3272.9,3240.0
719,2,00/10-02-059-18W5/0,1,4/20/2012 00:00:00,3272.9,3240.0
720,2,00/10-02-059-18W5/0,1,5/11/2012 00:00:00,3272.9,3240.0
721,3,00/10-02-059-18W5/0,1,8/7/1968 00:00:00,3336.0,3326.9
722,4,00/10-02-059-18W5/0,1,8/9/1968 00:00:00,3354.3,3345.2
723,5,00/10-02-059-18W5/0,1,8/4/1968 00:00:00,3314.7,3311.7
724,1,00/16-16-037-25W4/0,1,2/2/1960 00:00:00,2078.43,2066.24
725,2,00/16-16-037-25W4/0,1,2/5/1960 00:00:00,2078.4,2066.2
726,1,00/09-22-063-15W5/0,1,3/28/1980 00:00:00,1839.7,1837.3
727,1,00/06-08-052-17W5/0,1,5/30/1978 00:00:00,2435.35,2423.16
728,2,00/06-08-052-17W5/0,1,8/17/1984 00:00:00,2816.9,2809.6
729,2,00/06-08-052-17W5/0,1,8/25/2011 00:00:00,2816.9,2809.6
730,3,00/06-08-052-17W5/0,1,2/23/1978 00:00:00,2823.4,2816.0
731,4,00/06-08-052-17W5/0,1,4/27/1979 00:00:00,2823.5,2815.9
732,6,00/06-08-052-17W5/0,1,7/3/2008 00:00:00,2817.0,2809.6
733,1,00/10-12-054-18W5/0,1,10/6/1969 00:00:00,2670.05,2663.95
734,1,00/10-12-054-18W5/0,1,10/15/1969 00:00:00,2670.05,2663.95
735,2,00/10-12-054-18W5/0,1,9/19/1969 00:00:00,1911.1,1867.2
736,1,00/04-19-039-05W5/0,1,11/10/2000 00:00:00,2359.2,2354.3
737,1,00/04-19-039-05W5/0,1,2/22/2002 00:00:00,2359.2,2354.3
738,1,00/04-19-039-05W5/0,1,3/5/2003 00:00:00,2359.2,2354.3
739,1,00/04-19-039-05W5/0,1,3/18/2005 00:00:00,2359.2,2354.3
740,1,00/04-19-039-05W5/0,1,5/30/2006 00:00:00,2359.2,2354.3
741,3,00/04-19-039-05W5/0,1,3/31/2004 00:00:00,2249.4,2164.1
742,4,00/04-19-039-05W5/0,1,5/3/1979 00:00:00,2359.1,2354.2
743,1,00/07-15-055-18W5/0,1,7/16/1968 00:00:00,2642.31,2574.95
744,2,00/07-15-055-18W5/0,1,7/20/1968 00:00:00,2560.32,2520.7
745,3,00/07-15-055-18W5/0,1,9/21/1968 00:00:00,3638.09,3615.23
746,4,00/07-15-055-18W5/0,1,11/5/1968 00:00:00,2582.27,2579.22
747,5,00/07-15-055-18W5/0,1,1/17/2002 00:00:00,2583.5,2577.0
748,7,00/07-15-055-18W5/0,2,7/16/1968 00:00:00,2642.3,2575.0
749,8,00/07-15-055-18W5/0,2,11/5/1968 00:00:00,2582.3,2579.2
750,9,00/07-15-055-18W5/0,1,3/12/1982 00:00:00,2582.0,2579.9
751,1,00/12-28-063-16W5/0,1,2/18/1966 00:00:00,2959.61,2926.08
752,1,00/06-16-055-18W5/0,1,6/29/1960 00:00:00,3302.51,3300.37
753,1,00/06-16-055-18W5/0,1,7/12/1960 00:00:00,3302.51,3300.37
754,3,00/06-16-055-18W5/0,2,6/29/1960 00:00:00,3302.5,3300.4
755,3,00/06-16-055-18W5/0,2,7/12/1960 00:00:00,3302.5,3300.4
756,6,00/06-16-055-18W5/0,1,7/29/2014 00:00:00,976.6,972.0
757,1,00/15-04-065-12W5/0,1,11/10/1976 00:00:00,2734.67,2731.62
758,2,00/15-04-065-12W5/0,1,10/22/2001 00:00:00,2704.5,2701.0
759,1,00/10-27-051-17W5/0,1,1/5/1958 00:00:00,2850.5,2846.8
760,1,00/10-27-051-17W5/0,1,9/13/1971 00:00:00,2850.5,2846.8
761,1,00/07-26-059-20W5/0,1,12/12/1977 00:00:00,2535.63,2517.65
762,1,00/07-26-059-20W5/0,2,12/12/1977 00:00:00,2535.63,2517.65
763,1,00/10-21-062-15W5/0,1,7/25/1976 00:00:00,1885.19,1857.45
764,1,00/10-09-058-16W5/0,1,3/16/1977 00:00:00,2177.8,2168.96
765,2,00/10-09-058-16W5/0,1,4/16/1977 00:00:00,1792.22,1740.1
766,3,00/10-09-058-16W5/0,1,3/10/1977 00:00:00,1914.14,1894.33
767,3,00/10-09-058-16W5/0,2,3/10/1977 00:00:00,1914.14,1894.33
768,4,00/10-09-058-16W5/0,1,4/12/1977 00:00:00,3139.4,3110.8
769,1,00/06-20-050-15W5/0,1,7/13/1979 00:00:00,3323.23,3261.97
770,2,00/06-20-050-15W5/0,1,1/12/1996 00:00:00,2714.9,2711.9
771,3,00/06-20-050-15W5/0,1,7/13/1978 00:00:00,3323.2,3261.9
772,1,00/04-31-065-09W5/0,1,1/28/1960 00:00:00,2520.09,2505.46
773,1,00/14-32-064-12W5/0,1,11/15/1977 00:00:00,2747.47,2737.1
774,2,00/14-32-064-12W5/0,1,11/25/1984 00:00:00,2746.7,2739.7
775,3,00/14-32-064-12W5/0,1,4/18/2000 00:00:00,2746.9,2739.8
776,2,00/11-01-059-18W5/0,1,3/7/1970 00:00:00,3357.1,3333.0
777,2,00/11-01-059-18W5/0,2,3/7/1970 00:00:00,3357.1,3333.0
778,3,00/11-01-059-18W5/0,1,10/31/1968 00:00:00,3404.6,3395.5
779,3,00/11-01-059-18W5/0,2,10/31/1968 00:00:00,3404.6,3395.5
780,4,00/11-01-059-18W5/0,1,10/3/1968 00:00:00,2405.5,2398.8
781,6,00/11-01-059-18W5/0,1,12/16/2005 00:00:00,3347.3,3339.1
782,6,00/11-01-059-18W5/0,1,6/30/2009 00:00:00,3347.3,3339.1
783,1,00/10-15-059-18W5/0,1,3/27/1970 00:00:00,3377.8,3365.0
784,1,00/10-15-059-18W5/0,2,3/27/1970 00:00:00,3377.8,3365.0
785,1,00/10-15-059-18W5/0,3,3/27/1970 00:00:00,3377.8,3365.0
786,1,00/10-15-059-18W5/0,1,10/10/2007 00:00:00,3377.8,3365.0
787,1,00/10-15-059-18W5/0,2,10/10/2007 00:00:00,3377.8,3365.0
788,1,00/10-15-059-18W5/0,1,12/8/2008 00:00:00,3377.8,3365.0
789,1,00/10-15-059-18W5/0,1,6/2/2009 00:00:00,3377.8,3365.0
790,1,00/10-15-059-18W5/0,1,7/20/2010 00:00:00,3377.8,3365.0
791,1,00/10-15-059-18W5/0,1,4/20/2012 00:00:00,3377.8,3365.0
792,1,00/10-15-059-18W5/0,1,9/27/2014 00:00:00,3377.8,3365.0
793,1,00/10-15-059-18W5/0,1,10/26/2016 00:00:00,3377.8,3365.0
794,1,00/10-15-059-18W5/0,1,8/10/2017 00:00:00,3377.8,3365.0
795,2,00/10-15-059-18W5/0,1,8/27/1984 00:00:00,3377.8,3364.9
796,2,00/10-15-059-18W5/0,1,7/8/1988 00:00:00,3377.8,3364.9
797,2,00/10-15-059-18W5/0,1,7/9/1988 00:00:00,3377.8,3364.9
798,3,00/10-15-059-18W5/0,1,10/29/1968 00:00:00,3423.5,3416.8
799,1,00/10-34-058-18W5/0,1,11/28/1968 00:00:00,3360.1,3344.9
800,1,00/10-34-058-18W5/0,2,11/28/1968 00:00:00,3360.1,3344.9
801,1,00/10-34-058-18W5/0,1,11/29/1968 00:00:00,3360.1,3344.9
802,1,00/10-34-058-18W5/0,2,11/29/1968 00:00:00,3360.1,3344.9
803,1,00/10-34-058-18W5/0,1,5/15/1984 00:00:00,3360.1,3344.9
804,1,00/10-34-058-18W5/0,1,8/20/1988 00:00:00,3360.1,3344.9
805,1,00/10-34-058-18W5/0,1,8/21/1990 00:00:00,3360.1,3344.9
806,2,00/10-34-058-18W5/0,1,9/28/1968 00:00:00,2427.4,2421.3
807,1,00/06-31-047-13W5/0,1,8/16/2003 00:00:00,3430.2,3424.1
808,4,00/06-31-047-13W5/0,1,1/31/1988 00:00:00,1743.0,1724.0
809,3,00/04-07-065-12W5/0,1,2/28/2013 00:00:00,2765.5,2762.4
810,3,00/04-07-065-12W5/0,1,6/10/2013 00:00:00,2765.5,2762.4
811,3,00/04-07-065-12W5/0,1,8/14/2015 00:00:00,2765.5,2762.4
812,1,00/02-20-061-07W6/0,1,7/8/1975 00:00:00,3611.27,3535.68
813,2,00/10-19-058-18W5/0,1,4/19/1969 00:00:00,3441.2,3432.0
814,3,00/10-19-058-18W5/0,1,4/25/1969 00:00:00,3436.0,3422.9
815,4,00/10-19-058-18W5/0,1,3/16/1970 00:00:00,3433.3,3430.8
816,1,00/06-09-059-18W5/0,1,6/18/1968 00:00:00,3440.28,3433.27
817,3,00/06-09-059-18W5/0,1,7/20/1968 00:00:00,3439.7,3435.1
818,4,00/06-09-059-18W5/0,1,7/2/1968 00:00:00,3440.3,3433.3
819,4,00/06-09-059-18W5/0,1,7/24/1968 00:00:00,3440.3,3433.3
820,5,00/06-09-059-18W5/0,1,7/2/1970 00:00:00,3469.2,3438.1
821,6,00/06-09-059-18W5/0,2,7/2/1970 00:00:00,3432.0,3421.1
822,6,00/06-09-059-18W5/0,1,7/5/1970 00:00:00,3432.0,3421.1
823,6,00/06-09-059-18W5/0,2,7/5/1970 00:00:00,3432.0,3421.1
824,10,00/06-09-059-18W5/0,1,4/12/2007 00:00:00,3469.2,3421.1
825,10,00/06-09-059-18W5/0,2,4/12/2007 00:00:00,3469.2,3421.1
826,10,00/06-09-059-18W5/0,1,11/21/2008 00:00:00,3469.2,3421.1
827,1,00/02-32-064-14W5/0,1,3/11/1966 00:00:00,1850.14,1839.47
828,1,00/11-22-043-13W5/0,1,10/24/1970 00:00:00,3310.74,3305.86
829,2,00/11-22-043-13W5/0,1,10/29/1970 00:00:00,3300.37,3294.28
830,3,00/11-22-043-13W5/0,2,10/24/1970 00:00:00,3310.7,3305.9
831,1,00/06-07-060-22W5/0,1,10/28/1976 00:00:00,1850.14,1807.46
832,2,00/06-07-060-22W5/0,1,2/27/1977 00:00:00,2133.0,2122.6
833,4,00/06-07-060-22W5/0,1,8/1/1977 00:00:00,3959.4,463.6
834,1,00/06-28-047-14W5/0,1,6/15/1988 00:00:00,1939.0,1925.0
835,1,00/15-10-049-19W5/0,1,6/27/1972 00:00:00,2556.36,2550.26
836,2,00/15-10-049-19W5/0,1,6/24/1972 00:00:00,4526.28,4468.37
837,1,00/07-21-039-10W5/0,1,9/23/1970 00:00:00,3030.32,3023.62
838,1,00/07-21-039-10W5/0,2,9/23/1970 00:00:00,3030.32,3023.62
839,1,00/07-21-039-10W5/0,1,4/22/1971 00:00:00,3030.32,3023.62
840,1,00/07-21-039-10W5/0,1,4/23/1971 00:00:00,3030.32,3023.62
841,1,00/07-21-039-10W5/0,1,11/4/1985 00:00:00,3030.32,3023.62
842,2,00/07-21-039-10W5/0,3,4/22/1971 00:00:00,3030.3,3023.6
843,2,00/07-21-039-10W5/0,1,4/10/1980 00:00:00,3030.3,3023.6
844,2,00/07-21-039-10W5/0,2,4/10/1980 00:00:00,3030.3,3023.6
845,2,00/07-21-039-10W5/0,1,11/12/1981 00:00:00,3030.3,3023.6
846,2,00/07-21-039-10W5/0,2,11/12/1981 00:00:00,3030.3,3023.6
847,3,00/07-21-039-10W5/0,2,4/22/1971 00:00:00,3030.32,3023.62
848,1,00/07-25-040-12W5/0,1,1/7/1971 00:00:00,3500.63,3474.72
849,1,02/06-15-047-16W5/0,1,8/6/1962 00:00:00,4248.91,4246.17
850,2,02/06-15-047-16W5/0,1,8/13/1962 00:00:00,4248.9,4246.2
851,1,00/10-11-057-18W5/0,1,2/25/1977 00:00:00,2014.73,1993.39
852,2,00/10-11-057-18W5/0,1,3/6/1977 00:00:00,2632.86,2626.16
853,3,00/10-11-057-18W5/0,1,3/31/1977 00:00:00,3744.47,3733.8
854,4,00/10-11-057-18W5/0,1,3/28/1977 00:00:00,3737.5,3728.3
855,1,00/11-20-042-13W5/0,1,6/10/1970 00:00:00,3538.12,3535.07
856,1,00/11-20-042-13W5/0,1,6/12/1970 00:00:00,3538.12,3535.07
857,1,00/11-20-042-13W5/0,2,6/12/1970 00:00:00,3538.12,3535.07
858,2,00/11-20-042-13W5/0,1,6/7/1970 00:00:00,3655.16,3652.11
859,2,00/11-20-042-13W5/0,1,6/9/1970 00:00:00,3655.16,3652.11
860,2,00/11-20-042-13W5/0,2,6/9/1970 00:00:00,3655.16,3652.11
861,2,00/11-20-042-13W5/0,3,6/9/1970 00:00:00,3655.16,3652.11
862,2,00/11-20-042-13W5/0,1,6/19/1970 00:00:00,3655.16,3652.11
863,2,00/11-20-042-13W5/0,2,6/19/1970 00:00:00,3655.16,3652.11
864,2,00/11-20-042-13W5/0,3,6/19/1970 00:00:00,3655.16,3652.11
865,2,00/11-20-042-13W5/0,4,6/19/1970 00:00:00,3655.16,3652.11
866,2,00/11-20-042-13W5/0,5,6/20/1970 00:00:00,3655.16,3652.11
867,3,00/11-20-042-13W5/0,2,6/10/1970 00:00:00,3655.2,3652.1
868,3,00/11-20-042-13W5/0,3,6/10/1970 00:00:00,3655.2,3652.1
869,3,00/11-20-042-13W5/0,4,6/10/1970 00:00:00,3655.2,3652.1
870,3,00/11-20-042-13W5/0,1,6/11/1970 00:00:00,3655.2,3652.1
871,3,00/11-20-042-13W5/0,1,6/20/1970 00:00:00,3655.2,3652.1
872,3,00/11-20-042-13W5/0,2,6/20/1970 00:00:00,3655.2,3652.1
873,3,00/11-20-042-13W5/0,3,6/20/1970 00:00:00,3655.2,3652.1
874,3,00/11-20-042-13W5/0,4,6/20/1970 00:00:00,3655.2,3652.1
875,3,00/11-20-042-13W5/0,1,6/22/1970 00:00:00,3655.2,3652.1
876,8,00/11-20-042-13W5/0,1,2/5/2008 00:00:00,3540.0,3533.0
877,9,00/11-20-042-13W5/0,1,2/25/2008 00:00:00,3433.0,3293.0
878,1,00/04-21-038-12W5/0,1,10/24/1973 00:00:00,4204.41,4023.36
879,2,00/04-21-038-12W5/0,1,11/7/1973 00:00:00,4209.29,4174.54
