,Formatted UWI,Gas Sample Date,Intrvl Base,Intrvl Top,Sep Liq C1c,Sep Liq C2c,Sep Liq C3c,Sep Liq C6c,Sep Liq C7+c,Sep Liq CO2c,Sep Liq H2c,Sep Liq H2Sc,Sep Liq HEc,Sep Liq IC4c,Sep Liq IC5c,Sep Liq N2c,Sep Liq NC4c,Sep Liq NC5c
0,00/06-20-078-23W5/0,6/15/1985 00:00:00,1168.0,1150.0,,,,,,,,,,,,,,
1,00/06-20-078-23W5/0,6/16/1985 00:00:00,1127.0,1109.0,,,,,,,,,,,,,,
2,00/06-20-078-23W5/0,6/16/1985 00:00:00,1187.0,1169.0,,,,,,,,,,,,,,
3,00/06-20-078-23W5/0,6/17/1985 00:00:00,1233.0,1208.0,,,,,,,,,,,,,,
4,00/06-20-078-23W5/0,6/20/1985 00:00:00,912.0,900.0,,,,,,,,,,,,,,
5,00/06-20-078-23W5/0,6/21/1985 00:00:00,1919.0,1887.0,,,,,,,,,,,,,,
6,00/06-20-078-23W5/0,7/26/1990 00:00:00,1162.4,1154.6,,,,,,,,,,,,,,
7,00/06-20-078-23W5/0,7/27/1990 00:00:00,1162.4,1154.6,,,,,,,,,,,,,,
8,00/06-20-078-23W5/0,10/2/1990 00:00:00,1163.0,1158.0,,,,,,,,,,,,,,
9,00/06-20-078-23W5/0,3/12/1999 00:00:00,1162.6,1159.6,,,,,,,,,,,,,,
10,00/06-20-078-23W5/0,8/23/1999 00:00:00,1162.6,1159.6,9.65,2.3,3.64,10.02,61.73,0.01,,,,1.54,3.12,0.05,4.03,3.91
11,00/07-09-076-18W5/0,2/24/1982 00:00:00,971.7,935.0,,,,,,,,,,,,,,
12,00/09-33-080-09W5/0,3/16/1986 00:00:00,1701.5,1693.0,,,,,,,,,,,,,,
13,00/10-14-081-09W5/0,7/27/1977 00:00:00,1784.6,1747.4,,,,,,,,,,,,,,
14,00/10-14-081-09W5/0,8/2/1977 00:00:00,649.22,643.13,,,,,,,,,,,,,,
15,00/10-14-081-09W5/0,8/12/1977 00:00:00,1747.38,1747.38,,,,,,,,,,,,,,
16,00/03-15-080-09W5/0,11/6/1989 00:00:00,1731.0,1715.0,,,,,,,,,,,,,,
17,00/03-15-080-09W5/0,1/13/1990 00:00:00,1721.5,1717.3,,,,,,,,,,,,,,
18,00/03-15-080-09W5/0,7/22/1999 00:00:00,1721.5,1717.3,,,,,,,,,,,,,,
19,00/10-30-080-09W5/0,1/14/1992 00:00:00,1701.0,1691.0,,,,,,,,,,,,,,
20,00/09-25-081-09W5/0,1/31/1993 00:00:00,1730.0,1725.5,,,,,,,,,,,,,,
21,00/14-03-070-21W5/0,2/27/1984 00:00:00,1322.0,1309.0,,,,,,,,,,,,,,
22,00/14-03-070-21W5/0,2/28/1984 00:00:00,1428.5,1412.0,,,,,,,,,,,,,,
23,00/02-20-081-08W5/0,7/21/1987 00:00:00,1747.0,1734.0,,,,,,,,,,,,,,
24,00/02-20-081-08W5/0,7/22/1987 00:00:00,1673.0,1655.0,,,,,,,,,,,,,,
25,00/02-20-081-08W5/0,7/23/1987 00:00:00,1673.0,1653.0,,,,,,,,,,,,,,
26,00/06-30-080-09W5/0,3/24/1985 00:00:00,1727.0,1715.0,,,,,,,,,,,,,,
27,00/06-30-080-09W5/0,6/11/1985 00:00:00,1722.0,1720.0,,,,,,,,,,,,,,
28,00/02-20-079-07W5/0,3/10/1981 00:00:00,589.0,566.0,,,,,,,,,,,,,,
29,00/04-21-081-08W5/0,7/20/1967 00:00:00,1758.7,1738.88,,,,,,,,,,,,,,
30,00/10-08-080-07W5/0,3/3/1988 00:00:00,1690.0,1672.0,,,,,,,,,,,,,,
31,00/10-08-080-07W5/0,5/19/2000 00:00:00,1680.0,1677.5,0.55,1.57,5.16,6.45,71.58,0.01,,,,1.78,2.92,0.02,6.04,3.92
32,00/12-30-078-07W5/0,12/16/1984 00:00:00,1724.0,1718.0,,,,,,,,,,,,,,
33,00/04-14-078-08W5/0,9/23/2004 00:00:00,1745.0,1741.3,2.02,4.57,7.84,7.13,60.97,0.05,0.0,0.0,0.0,2.26,3.35,0.02,7.08,4.71
34,00/15-25-077-08W5/0,4/21/2018 00:00:00,1778.0,1769.0,,,,,,,,,,,,,,
35,00/15-25-077-08W5/0,7/26/2018 00:00:00,1778.0,1769.0,,,,,,,,,,,,,,
36,00/15-25-077-08W5/0,2/13/2020 00:00:00,1778.0,1769.0,,,,,,,,,,,,,,
37,00/06-14-048-14W4/0,3/3/1988 00:00:00,740.0,737.0,,,,,,,,,,,,,,
38,00/14-20-068-25W5/0,9/6/1985 00:00:00,1661.71,1631.0,,,,,,,,,,,,,,
39,00/14-20-068-25W5/0,9/27/1985 00:00:00,3299.0,3284.0,,,,,,,,,,,,,,
40,00/14-20-068-25W5/0,12/23/1994 00:00:00,1675.5,1670.0,,,,,,,,,,,,,,
41,00/14-20-068-25W5/0,4/7/1999 00:00:00,1640.0,1637.0,,,,,,,,,,,,,,
42,00/06-17-068-04W6/0,7/3/1965 00:00:00,3352.8,3349.8,,,,,,,,,,,,,,
43,00/06-17-068-04W6/0,7/9/1965 00:00:00,3335.1,3333.6,,,,,,,,,,,,,,
44,00/06-17-068-04W6/0,8/8/1966 00:00:00,3310.1,3286.4,,,,,,,,,,,,,,
45,00/06-17-068-04W6/0,8/10/1966 00:00:00,3310.1,3286.4,0.76,0.5,1.65,12.65,68.41,0.17,,2.64,,1.66,4.0,,3.62,3.94
46,00/06-17-068-04W6/0,8/8/1966 00:00:00,3310.1,3286.4,0.92,0.58,1.74,13.93,66.73,0.21,,2.94,,1.69,3.74,0.05,3.6,3.87
47,00/06-17-068-04W6/0,7/9/1965 00:00:00,3335.1,3333.6,6.91,1.97,2.77,9.59,62.41,0.98,,3.38,,1.76,3.18,0.1,3.65,3.3
48,00/06-17-068-04W6/0,8/8/1966 00:00:00,3310.1,3286.4,16.39,2.32,2.82,8.51,48.42,1.75,,8.34,,1.52,2.99,0.31,3.58,3.05
49,00/06-17-068-04W6/0,6/27/1966 00:00:00,3335.1,3333.6,15.36,2.0,2.42,8.81,52.95,1.44,,7.12,,1.54,2.35,0.33,3.2,2.48
50,00/06-17-068-04W6/0,7/11/1966 00:00:00,3335.1,3333.6,16.53,2.33,3.05,8.01,48.0,1.75,,8.87,,1.71,2.92,0.36,3.64,2.83
51,00/06-17-068-04W6/0,8/1/1966 00:00:00,3310.1,3286.4,17.03,2.14,2.75,8.29,48.38,1.62,,8.22,,1.63,2.86,0.4,3.61,3.07
52,00/06-17-068-04W6/0,8/10/1966 00:00:00,3310.1,3286.4,17.03,2.14,2.75,8.29,48.38,1.62,,8.22,,1.63,2.86,0.4,3.61,3.07
53,00/06-17-068-04W6/0,7/13/1965 00:00:00,3335.1,3333.6,1.08,0.68,2.56,10.22,64.11,0.27,,2.63,,2.14,4.54,0.69,5.59,5.49
54,00/09-23-042-14W4/0,5/23/1983 00:00:00,821.64,776.64,,,,,,,,,,,,,,
55,00/09-23-042-14W4/0,1/8/1988 00:00:00,918.5,917.5,,,,,,,,,,,,,,
56,00/09-23-042-14W4/0,11/29/2001 00:00:00,784.5,781.0,,,,,,,,,,,,,,
57,00/06-11-069-26W5/0,8/21/1983 00:00:00,3344.0,3310.0,,,,,,,,,,,,,,
58,00/06-11-069-26W5/0,8/22/1983 00:00:00,3228.0,3212.0,,,,,,,,,,,,,,
59,00/16-14-068-21W5/0,9/2/1985 00:00:00,2934.0,2926.0,,,,,,,,,,,,,,
60,00/06-35-046-15W4/0,6/13/1983 00:00:00,770.0,745.0,,,,,,,,,,,,,,
61,00/10-33-065-20W5/0,3/18/1979 00:00:00,1346.5,1344.0,,,,,,,,,,,,,,
62,00/10-33-065-20W5/0,2/1/1992 00:00:00,1346.3,1345.0,,,,,,,,,,,,,,
63,00/10-33-065-20W5/0,3/1/1992 00:00:00,1346.3,1345.0,,,,,,,,,,,,,,
64,00/10-33-065-20W5/0,1/29/2001 00:00:00,1346.5,1344.0,,,,,,,,,,,,,,
65,00/02-20-051-23W4/0,3/25/1980 00:00:00,1266.0,1236.0,,,,,,,,,,,,,,
66,00/02-20-051-23W4/0,12/29/1981 00:00:00,1264.5,1262.5,,,,,,,,,,,,,,
67,00/02-20-051-23W4/0,2/28/2013 00:00:00,1264.1,1244.0,,,,,,,,,,,,,,
68,00/02-20-051-23W4/0,6/24/2013 00:00:00,1264.5,1244.0,,,,,,,,,,,,,,
69,00/04-12-069-26W5/0,2/26/1982 00:00:00,3282.0,3264.0,,,,,,,,,,,,,,
70,00/02-23-066-25W5/0,7/13/2013 00:00:00,3386.3,3379.6,,,,,,,,,,,,,,
71,00/02-23-066-25W5/0,7/27/2015 00:00:00,3386.3,3379.6,,,,,,,,,,,,,,
72,00/10-23-065-20W5/0,1/28/1986 00:00:00,1398.0,1395.5,,,,,,,,,,,,,,
73,00/10-23-065-20W5/0,11/12/1991 00:00:00,1398.0,1395.5,,,,,,,,,,,,,,
74,00/10-23-065-20W5/0,1/20/2001 00:00:00,1398.0,1395.5,,,,,,,,,,,,,,
75,00/10-23-065-20W5/0,3/18/1979 00:00:00,1398.0,1395.5,22.73,3.62,4.57,4.68,54.14,0.02,,,,2.02,2.65,0.11,3.14,2.32
76,00/05-22-066-25W5/0,8/27/1983 00:00:00,1577.0,1565.0,,,,,,,,,,,,,,
77,00/05-22-066-25W5/0,5/16/2001 00:00:00,2024.0,2022.0,,0.32,1.73,8.07,77.97,,,,,0.7,2.48,,3.74,4.99
78,00/10-32-063-21W5/0,9/9/1983 00:00:00,1917.5,1908.0,,,,,,,,,,,,,,
79,00/10-32-063-21W5/0,2/25/1984 00:00:00,1641.6,1637.8,,,,,,,,,,,,,,
80,00/10-32-063-21W5/0,8/1/1983 00:00:00,1911.2,11.1,6.67,2.68,1.61,2.6,82.95,0.27,,,,0.59,0.87,0.01,0.96,0.79
81,00/14-23-067-24W5/0,4/23/1984 00:00:00,3187.0,3165.0,,,,,,,,,,,,,,
82,00/14-23-067-24W5/0,6/22/1984 00:00:00,3177.0,3165.5,,,,,,,,,,,,,,
83,00/07-27-063-18W5/0,1/12/2006 00:00:00,1471.0,1465.0,,,,,,,,,,,,,,
84,00/07-27-063-18W5/0,2/21/2007 00:00:00,1471.0,1465.0,,,,,,,,,,,,,,
85,00/07-27-063-18W5/0,2/24/2009 00:00:00,1471.0,1465.0,,,,,,,,,,,,,,
86,00/07-27-063-18W5/0,12/14/1999 00:00:00,1471.0,1465.0,4.79,1.26,2.24,6.24,77.81,0.05,,,,0.87,2.02,0.05,2.25,2.42
87,00/07-27-063-18W5/0,11/6/1999 00:00:00,1471.0,1465.0,5.91,2.2,4.33,10.01,62.81,0.07,,,,1.7,3.87,0.06,4.51,4.53
88,00/16-15-063-19W5/0,2/26/2004 00:00:00,3066.0,3047.0,,,,,,,,,,,,,,
89,00/03-22-066-03W6/0,9/9/1983 00:00:00,2339.0,2260.0,,,,,,,,,,,,,,
90,00/03-22-066-03W6/0,9/22/1983 00:00:00,2396.0,2381.0,,,,,,,,,,,,,,
91,00/08-30-052-05W5/0,8/29/1984 00:00:00,1624.0,1614.0,,,,,,,,,,,,,,
92,00/08-30-052-05W5/0,9/21/1984 00:00:00,1578.0,1574.0,,,,,,,,,,,,,,
93,00/08-30-052-05W5/0,5/13/1999 00:00:00,1629.0,1617.0,,,,,,,,,,,,,,
94,00/08-30-052-05W5/0,11/13/2003 00:00:00,1631.0,1617.0,,,,,,,,,,,,,,
95,00/12-35-063-18W5/0,3/8/2001 00:00:00,1522.0,1513.0,,,,,,,,,,,,,,
96,00/12-35-063-18W5/0,2/13/2002 00:00:00,1522.0,1513.0,,,,,,,,,,,,,,
97,00/12-35-063-18W5/0,2/3/2006 00:00:00,2269.0,2266.0,,,,,,,,,,,,,,
98,00/07-13-065-26W5/0,2/5/1981 00:00:00,2212.0,2188.0,,,,,,,,,,,,,,
99,00/07-13-065-26W5/0,2/4/1982 00:00:00,2371.0,2359.0,,,,,,,,,,,,,,
100,00/03-32-063-22W5/0,8/26/1985 00:00:00,3428.0,3417.0,,,,,,,,,,,,,,
101,00/03-32-063-22W5/0,1/25/1988 00:00:00,1970.0,1967.0,,,,,,,,,,,,,,
102,00/03-32-063-22W5/0,1/25/1988 00:00:00,1970.0,1967.0,6.64,3.44,6.84,4.97,64.14,0.27,,,,2.44,3.05,0.07,5.96,2.18
103,00/04-35-069-19W5/0,1/27/1982 00:00:00,2752.8,2749.8,,,,,,,,,,,,,,
104,00/06-21-064-25W5/0,8/14/1990 00:00:00,2088.0,2076.0,,,,,,,,,,,,,,
105,00/06-06-037-20W4/0,12/7/1960 00:00:00,1629.8,1628.5,,,,,,,,,,,,,,
106,00/13-20-065-02W6/0,7/30/1996 00:00:00,4006.0,3879.0,,,,,,,,,,,,,,
107,00/14-10-066-01W6/0,9/6/1980 00:00:00,2524.0,2512.0,,,,,,,,,,,,,,
108,00/05-36-061-18W5/0,2/26/1983 00:00:00,3070.0,3034.0,,,,,,,,,,,,,,
109,00/05-36-061-18W5/0,3/2/1983 00:00:00,3066.0,3056.0,,,,,,,,,,,,,,
110,00/05-36-061-18W5/0,3/5/1983 00:00:00,3066.0,3056.0,,,,,,,,,,,,,,
111,00/09-33-055-12W5/0,3/24/1985 00:00:00,1924.0,1904.5,,,,,,,,,,,,,,
112,00/09-33-055-12W5/0,1/4/2004 00:00:00,1892.0,1890.0,,,,,,,,,,,,,,
113,00/11-27-049-08W5/0,4/11/1980 00:00:00,2045.0,2006.0,,,,,,,,,,,,,,
114,00/11-27-049-08W5/0,6/15/1980 00:00:00,1764.0,1757.0,,,,,,,,,,,,,,
115,00/09-34-053-14W5/0,4/10/2006 00:00:00,1920.6,1916.0,,,,,,,,,,,,,,
116,00/13-21-065-24W5/0,3/8/1982 00:00:00,2282.0,2275.0,,,,,,,,,,,,,,
117,00/16-11-030-25W4/0,11/14/1988 00:00:00,2547.0,2535.0,,,,,,,,,,,,,,
118,00/16-11-030-25W4/0,11/15/1988 00:00:00,1705.0,1697.0,,,,,,,,,,,,,,
119,00/16-11-030-25W4/0,11/17/1988 00:00:00,1705.0,1697.0,,,,,,,,,,,,,,
120,00/10-30-032-23W4/0,9/20/1988 00:00:00,2403.0,2378.0,,,,,,,,,,,,,,
121,00/10-30-032-23W4/0,9/21/1988 00:00:00,1811.5,1794.0,,,,,,,,,,,,,,
122,00/15-01-063-18W5/0,2/13/1985 00:00:00,3059.0,3039.0,,,,,,,,,,,,,,
123,00/15-01-063-18W5/0,2/15/1985 00:00:00,1855.0,1847.0,,,,,,,,,,,,,,
124,00/16-36-029-23W4/0,9/10/1989 00:00:00,2185.0,2175.0,,,,,,,,,,,,,,
125,00/07-34-053-15W5/0,3/22/1988 00:00:00,2337.0,2318.0,,,,,,,,,,,,,,
126,00/14-15-036-21W4/0,5/24/1988 00:00:00,1308.7,1306.9,,,,,,,,,,,,,,
127,00/07-01-048-10W5/0,3/9/1981 00:00:00,2265.0,2249.0,,,,,,,,,,,,,,
128,00/07-01-048-10W5/0,3/6/2000 00:00:00,2265.0,2249.0,,,,,,,,,,,,,,
129,00/07-01-048-10W5/0,5/18/2001 00:00:00,2265.0,2249.0,,,,,,,,,,,,,,
130,00/07-01-048-10W5/0,5/15/2006 00:00:00,2265.0,2249.0,,,,,,,,,,,,,,
131,00/07-01-048-10W5/0,7/21/2010 00:00:00,2265.0,2249.0,,,,,,,,,,,,,,
132,00/09-17-034-25W4/0,6/30/1959 00:00:00,1739.8,1698.35,,,,,,,,,,,,,,
133,00/09-17-034-25W4/0,7/27/1960 00:00:00,1732.48,1702.0,,,,,,,,,,,,,,
134,00/09-17-034-25W4/0,8/11/1960 00:00:00,1732.48,1702.0,,,,,,,,,,,,,,
135,00/09-17-034-25W4/0,8/17/1960 00:00:00,1732.48,1702.0,,,,,,,,,,,,,,
136,00/09-17-034-25W4/0,11/30/1982 00:00:00,1730.2,1698.5,,,,,,,,,,,,,,
137,00/09-17-034-25W4/0,2/28/1990 00:00:00,1733.7,1702.0,,,,,,,,,,,,,,
138,00/09-17-034-25W4/0,11/20/2000 00:00:00,927.0,921.0,,,,,,,,,,,,,,
139,00/09-17-034-25W4/0,2/12/2003 00:00:00,1733.7,1707.5,,,,,,,,,,,,,,
140,00/09-17-034-25W4/0,5/17/1985 00:00:00,1733.7,1702.0,11.19,5.82,7.72,8.91,45.47,0.16,,,,2.91,4.59,,6.91,6.32
141,00/11-36-062-25W5/0,10/28/2004 00:00:00,1780.5,1778.0,,,,,,,,,,,,,,
142,00/11-36-062-25W5/0,1/25/2006 00:00:00,1780.5,1778.0,,,,,,,,,,,,,,
143,00/06-11-033-24W4/0,1/23/1987 00:00:00,2454.0,2447.0,,,,,,,,,,,,,,
144,00/06-11-033-24W4/0,11/14/2000 00:00:00,1663.0,1650.0,,,,,,,,,,,,,,
145,00/06-11-033-24W4/0,1/14/2003 00:00:00,1663.0,1650.0,,,,,,,,,,,,,,
146,00/06-11-033-24W4/0,12/31/1987 00:00:00,1663.0,1650.0,8.38,3.54,4.77,4.71,69.38,0.06,,,,1.6,1.82,0.15,3.3,2.29
147,00/15-35-044-02W5/0,2/1/1988 00:00:00,2317.0,2283.0,,,,,,,,,,,,,,
148,00/15-35-044-02W5/0,2/3/1988 00:00:00,2219.0,2185.0,,,,,,,,,,,,,,
149,00/15-35-044-02W5/0,2/4/1988 00:00:00,2219.0,2185.0,,,,,,,,,,,,,,
150,00/10-12-063-15W5/0,2/23/2001 00:00:00,2847.0,2785.0,,,,,,,,,,,,,,
151,00/10-12-063-15W5/0,3/4/2003 00:00:00,2847.0,2785.0,,,,,,,,,,,,,,
152,00/10-12-063-15W5/0,3/4/2003 00:00:00,2847.0,2788.0,,,,,,,,,,,,,,
153,00/10-12-063-15W5/0,4/29/2005 00:00:00,2847.0,2788.0,,,,,,,,,,,,,,
154,00/10-12-063-15W5/0,4/18/2007 00:00:00,2847.0,2788.0,,,,,,,,,,,,,,
155,00/10-12-063-15W5/0,5/9/2011 00:00:00,2847.0,2788.0,,,,,,,,,,,,,,
156,00/10-12-063-15W5/0,6/29/2011 00:00:00,2847.0,2788.0,,,,,,,,,,,,,,
157,00/10-12-063-15W5/0,4/26/2012 00:00:00,2847.0,2788.0,,,,,,,,,,,,,,
158,00/10-12-063-15W5/0,3/4/2013 00:00:00,2847.0,2788.0,,,,,,,,,,,,,,
159,00/10-12-063-15W5/0,4/15/2014 00:00:00,2847.0,2788.0,,,,,,,,,,,,,,
160,00/11-26-053-15W5/0,10/31/1978 00:00:00,3335.0,3315.0,,,,,,,,,,,,,,
161,00/16-34-063-26W5/0,9/5/1995 00:00:00,2393.0,2388.0,,,,,,,,,,,,,,
162,00/16-34-063-26W5/0,11/25/1995 00:00:00,3880.0,3808.5,,,,,,,,,,,,,,
163,00/06-14-031-27W4/0,8/29/1988 00:00:00,2280.0,2240.0,,,,,,,,,,,,,,
164,00/09-18-049-09W5/0,2/26/1981 00:00:00,2173.5,2163.4,,,,,,,,,,,,,,
165,00/09-18-049-09W5/0,4/12/1993 00:00:00,2173.5,2163.4,,,,,,,,,,,,,,
166,00/09-18-049-09W5/0,5/9/2000 00:00:00,2168.0,2163.4,,,,,,,,,,,,,,
167,00/09-18-049-09W5/0,5/12/2000 00:00:00,2168.0,2163.4,,,,,,,,,,,,,,
168,00/09-18-049-09W5/0,7/29/2002 00:00:00,2173.5,2163.4,,,,,,,,,,,,,,
169,00/09-18-049-09W5/0,3/13/2003 00:00:00,1296.0,1292.0,,,,,,,,,,,,,,
170,00/09-18-049-09W5/0,9/11/2003 00:00:00,2173.5,2163.4,,,,,,,,,,,,,,
171,00/09-18-049-09W5/0,3/25/2004 00:00:00,2173.5,2163.4,,,,,,,,,,,,,,
172,00/09-18-049-09W5/0,7/20/2010 00:00:00,2168.0,2163.4,,,,,,,,,,,,,,
173,00/09-18-049-09W5/0,1/25/2011 00:00:00,2168.0,2163.4,,,,,,,,,,,,,,
174,00/09-18-049-09W5/0,9/17/2013 00:00:00,2168.0,2163.4,,,,,,,,,,,,,,
175,00/09-18-049-09W5/0,11/21/2019 00:00:00,2168.0,2163.4,,,,,,,,,,,,,,
176,00/09-18-049-09W5/0,11/6/2020 00:00:00,1648.0,1643.0,,,,,,,,,,,,,,
177,00/09-18-049-09W5/0,2/26/1981 00:00:00,2173.5,2163.4,13.67,7.99,9.73,10.56,34.63,0.64,,,,3.89,5.33,0.07,7.75,5.74
178,00/06-24-065-17W5/0,3/12/1979 00:00:00,2224.0,2221.0,,,,,,,,,,,,,,
179,00/06-24-065-17W5/0,3/12/1979 00:00:00,2240.0,2221.0,,,,,,,,,,,,,,
180,00/09-29-065-15W5/0,1/9/1998 00:00:00,1378.0,1367.0,,,,,,,,,,,,,,
181,00/10-28-062-12W5/0,9/28/1980 00:00:00,1619.0,1602.0,,,,,,,,,,,,,,
182,00/06-10-052-16W5/0,3/17/1969 00:00:00,2607.56,2583.79,,,,,,,,,,,,,,
183,00/01-23-064-27W5/0,3/10/1995 00:00:00,1807.0,1787.0,,,,,,,,,,,,,,
184,02/14-20-047-09W5/0,7/4/1979 00:00:00,2290.0,2287.5,,,,,,,,,,,,,,
185,02/14-20-047-09W5/0,7/5/1979 00:00:00,2290.0,2287.3,,,,,,,,,,,,,,
186,02/14-20-047-09W5/0,3/6/2000 00:00:00,2290.0,2287.3,,,,,,,,,,,,,,
187,02/14-20-047-09W5/0,7/25/2012 00:00:00,2290.0,2287.3,,,,,,,,,,,,,,
188,02/14-20-047-09W5/0,1/9/2013 00:00:00,2290.0,2287.3,,,,,,,,,,,,,,
189,02/14-20-047-09W5/0,7/29/2014 00:00:00,2290.0,2287.3,,,,,,,,,,,,,,
190,02/14-20-047-09W5/0,12/4/2020 00:00:00,2290.0,2287.3,,,,,,,,,,,,,,
191,00/16-01-061-22W5/0,6/23/1982 00:00:00,3420.0,3415.0,,,,,,,,,,,,,,
192,00/16-01-061-22W5/0,11/23/2004 00:00:00,3675.1,3461.4,,,,,,,,,,,,,,
193,00/11-14-064-27W5/0,9/3/1995 00:00:00,3910.0,3828.0,,,,,,,,,,,,,,
194,00/06-29-061-18W5/0,10/8/1982 00:00:00,1797.0,1774.0,,,,,,,,,,,,,,
195,00/08-18-052-14W5/0,3/31/1981 00:00:00,3295.0,3276.0,,,,,,,,,,,,,,
196,00/08-18-052-14W5/0,4/6/1981 00:00:00,3532.0,3495.0,,,,,,,,,,,,,,
197,00/02-15-034-26W4/0,6/9/2011 00:00:00,2235.0,2224.0,,,,,,,,,,,,,,
198,00/03-22-052-19W5/0,9/22/1978 00:00:00,2628.0,2604.5,,,,,,,,,,,,,,
199,00/03-22-052-19W5/0,10/8/1978 00:00:00,3068.0,3040.0,,,,,,,,,,,,,,
200,00/10-09-062-23W5/0,12/12/1978 00:00:00,2418.0,2408.0,,,,,,,,,,,,,,
201,00/07-25-044-10W5/0,5/23/1981 00:00:00,2673.0,2667.5,,0.01,0.05,20.84,75.26,,,,,0.06,1.11,,0.26,2.41
202,00/03-09-065-12W5/0,11/25/1984 00:00:00,2711.0,2696.5,,,,,,,,,,,,,,
203,00/03-09-065-12W5/0,4/17/2000 00:00:00,2722.0,2696.5,,,,,,,,,,,,,,
204,00/03-09-065-12W5/0,4/17/2000 00:00:00,2722.0,2720.5,,,,,,,,,,,,,,
205,00/03-09-065-12W5/0,6/17/2000 00:00:00,2722.0,2696.5,,,,,,,,,,,,,,
206,00/03-09-065-12W5/0,7/14/2009 00:00:00,2722.0,2696.5,,,,,,,,,,,,,,
207,00/03-09-065-12W5/0,12/23/2010 00:00:00,2722.0,2696.5,,,,,,,,,,,,,,
208,00/06-21-051-18W5/0,12/27/1985 00:00:00,2974.71,2974.7,,,,,,,,,,,,,,
209,00/06-21-051-18W5/0,1/28/1986 00:00:00,3065.0,3060.0,,,,,,,,,,,,,,
210,00/06-21-051-18W5/0,3/16/1986 00:00:00,3601.0,3597.5,,,,,,,,,,,,,,
211,00/06-21-051-18W5/0,7/13/1986 00:00:00,3601.0,3597.5,,,,,,,,,,,,,,
212,00/06-21-051-18W5/0,7/26/2006 00:00:00,3601.0,3597.5,,,,,,,,,,,,,,
213,00/06-21-051-18W5/0,12/17/2007 00:00:00,3601.0,3597.5,,,,,,,,,,,,,,
214,00/06-06-065-15W5/0,8/12/2010 00:00:00,1752.0,1743.2,,,,,,,,,,,,,,
215,00/13-24-055-22W5/0,1/19/1981 00:00:00,2100.0,2065.0,,,,,,,,,,,,,,
216,00/13-24-055-22W5/0,2/14/1981 00:00:00,3019.0,2999.0,,,,,,,,,,,,,,
217,00/13-24-055-22W5/0,8/15/1982 00:00:00,3019.0,2999.0,,,,,,,,,,,,,,
218,00/13-24-055-22W5/0,8/16/1982 00:00:00,3019.0,2999.0,,,,,,,,,,,,,,
219,00/13-24-055-22W5/0,3/30/1994 00:00:00,3019.0,2999.0,,,,,,,,,,,,,,
220,00/13-24-055-22W5/0,6/28/2014 00:00:00,3019.0,2999.2,,,,,,,,,,,,,,
221,00/13-24-055-22W5/0,6/14/2016 00:00:00,3019.0,2999.2,,,,,,,,,,,,,,
222,00/13-24-055-22W5/0,6/5/2003 00:00:00,3019.0,2999.0,9.05,0.59,0.56,8.44,73.49,0.68,,,,1.15,2.83,0.04,1.33,1.84
223,00/13-24-055-22W5/0,10/24/2003 00:00:00,3019.0,2999.0,10.81,4.71,2.36,9.94,64.45,0.21,,,,1.28,2.86,0.09,1.25,2.04
224,02/09-23-040-09W5/0,10/18/1956 00:00:00,2316.49,2316.48,,,,,,,,,,,,,,
225,02/09-23-040-09W5/0,12/8/1983 00:00:00,2321.4,2319.0,,,,,,,,,,,,,,
226,02/09-23-040-09W5/0,1/25/2006 00:00:00,2318.9,2276.9,,,,,,,,,,,,,,
227,02/09-23-040-09W5/0,1/18/2011 00:00:00,2318.9,2276.9,,,,,,,,,,,,,,
228,02/09-23-040-09W5/0,7/14/2016 00:00:00,2318.9,2276.9,,,,,,,,,,,,,,
229,02/09-23-040-09W5/0,5/27/2002 00:00:00,2318.9,2276.9,3.97,2.89,5.97,11.04,56.49,0.06,,,,1.76,4.74,0.01,6.68,6.39
230,02/09-23-040-09W5/0,5/12/1989 00:00:00,2319.1,2277.0,13.2,11.12,13.82,8.67,29.69,0.23,,,,3.61,4.87,0.03,9.38,5.38
231,02/09-23-040-09W5/0,9/24/1982 00:00:00,2321.0,2318.0,21.83,8.31,10.48,6.58,34.24,0.35,,,,2.63,4.08,0.03,7.27,4.2
232,02/09-23-040-09W5/0,1/14/2010 00:00:00,2318.9,2276.9,2.89,2.33,5.65,13.26,49.74,0.05,0.0,0.0,0.0,2.84,6.58,0.03,8.64,7.99
233,02/09-23-040-09W5/0,8/31/2018 00:00:00,2318.9,2276.9,3.21,2.54,5.49,12.3,60.16,0.05,0.0,0.0,0.0,1.75,3.58,0.03,5.82,5.07
234,02/09-23-040-09W5/0,4/24/2014 00:00:00,2318.9,2276.9,3.21,2.72,6.05,11.07,58.78,0.06,0.0,0.0,0.0,1.93,4.14,0.03,6.35,5.66
235,02/09-23-040-09W5/0,1/31/2012 00:00:00,2318.9,2276.9,3.75,3.15,6.67,11.3,57.47,0.06,0.0,0.0,0.0,1.94,4.1,0.04,5.78,5.74
236,02/09-23-040-09W5/0,2/17/2009 00:00:00,2318.9,2276.9,3.77,3.64,8.04,13.35,49.79,0.08,0.0,0.0,0.0,2.55,4.63,0.04,8.07,6.04
237,02/09-23-040-09W5/0,2/11/2008 00:00:00,2318.9,2276.9,4.0,3.63,8.07,10.87,53.38,0.08,0.0,0.0,0.0,2.39,4.5,0.04,7.62,5.42
238,02/09-23-040-09W5/0,1/26/2007 00:00:00,2321.4,2276.7,4.34,3.59,8.12,10.73,52.88,0.08,0.0,0.0,0.0,2.53,4.08,0.04,7.81,5.8
239,00/09-29-055-18W5/0,12/20/1996 00:00:00,1898.0,1885.0,,,,,,,,,,,,,,
240,00/09-29-055-18W5/0,12/20/1996 00:00:00,2595.0,577.0,,,,,,,,,,,,,,
241,00/09-29-055-18W5/0,12/23/1996 00:00:00,2595.0,2557.0,,,,,,,,,,,,,,
242,00/09-29-055-18W5/0,2/12/1997 00:00:00,2584.0,2574.0,,,,,,,,,,,,,,
243,00/11-16-049-14W5/0,2/9/1979 00:00:00,3166.0,3161.0,,,,,,,,,,,,,,
244,00/11-16-049-14W5/0,2/4/1980 00:00:00,3166.0,3161.0,,,,,,,,,,,,,,
245,00/11-16-049-14W5/0,2/17/1980 00:00:00,3166.0,3161.0,,,,,,,,,,,,,,
246,00/11-16-049-14W5/0,3/2/1980 00:00:00,3166.0,3161.5,,,,,,,,,,,,,,
247,00/05-07-056-24W5/0,6/6/1980 00:00:00,2305.0,2297.0,,,,,,,,,,,,,,
248,00/05-07-056-24W5/0,7/17/1980 00:00:00,2316.0,2290.0,,,,,,,,,,,,,,
249,00/05-07-056-24W5/0,7/17/1980 00:00:00,2316.0,2296.0,,,,,,,,,,,,,,
250,00/10-01-056-19W5/0,1/31/1993 00:00:00,2222.0,2217.0,,,,,,,,,,,,,,
251,00/10-01-056-19W5/0,4/6/1994 00:00:00,3681.0,3678.0,,,,,,,,,,,,,,
252,00/10-01-056-19W5/0,12/10/1992 00:00:00,3681.0,3678.0,4.41,1.6,2.38,5.83,68.32,0.26,,8.23,,1.48,2.03,0.01,2.74,2.71
253,00/14-17-055-19W5/0,8/23/1970 00:00:00,3589.63,3582.01,,,,,,,,,,,,,,
254,00/14-17-055-19W5/0,8/25/1970 00:00:00,3589.6,3582.0,,,,,,,,,,,,,,
255,00/14-17-055-19W5/0,9/2/1970 00:00:00,2496.62,2488.39,,,,,,,,,,,,,,
256,00/14-17-055-19W5/0,9/2/1970 00:00:00,2499.6,2488.4,,,,,,,,,,,,,,
257,00/06-29-045-14W5/0,4/19/1979 00:00:00,1978.5,1972.0,,,,,,,,,,,,,,
258,00/16-09-066-13W5/0,10/23/1984 00:00:00,2334.0,2329.0,,,,,,,,,,,,,,
259,00/16-09-066-13W5/0,10/26/1984 00:00:00,2335.0,2328.0,,,,,,,,,,,,,,
260,00/16-09-066-13W5/0,12/22/1999 00:00:00,2333.3,2331.0,,,,,,,,,,,,,,
261,00/11-22-044-16W5/0,12/31/1978 00:00:00,2873.0,2837.5,,,,,,,,,,,,,,
262,00/11-22-044-16W5/0,2/19/2001 00:00:00,4676.8,4675.0,,,,,,,,,,,,,,
263,00/11-22-044-16W5/0,5/19/2001 00:00:00,4805.0,4719.0,,,,,,,,,,,,,,
264,00/06-26-047-15W5/0,5/26/1960 00:00:00,3212.6,3192.8,,,,,,,,,,,,,,
265,00/06-26-047-15W5/0,8/24/1960 00:00:00,3107.44,3087.93,,,,,,,,,,,,,,
266,00/06-26-047-15W5/0,7/15/1974 00:00:00,3104.39,3087.9,,,,,,,,,,,,,,
267,00/11-14-066-13W5/0,12/20/1984 00:00:00,2895.2,2885.3,,,,,,,,,,,,,,
268,00/10-07-047-17W5/0,10/13/1979 00:00:00,2791.0,2774.0,,,,,,,,,,,,,,
269,00/08-23-043-16W5/0,2/24/1981 00:00:00,4988.0,4954.0,,,,,,,,,,,,,,
270,00/01-09-040-12W5/0,4/27/1984 00:00:00,3718.0,3698.0,,,,,,,,,,,,,,
271,00/04-04-036-10W5/0,9/14/1998 00:00:00,991.0,983.0,,,,,,,,,,,,,,
272,00/04-04-036-10W5/0,10/16/1998 00:00:00,991.0,983.0,,,,,,,,,,,,,,
273,00/10-27-060-27W4/0,2/13/2011 00:00:00,736.2,727.6,,,,,,,,,,,,,,
274,00/10-35-059-03W5/0,10/29/1964 00:00:00,871.73,862.58,,,,,,,,,,,,,,
275,00/10-35-059-03W5/0,2/17/1979 00:00:00,482.19,478.54,,,,,,,,,,,,,,
276,00/11-15-068-02W6/0,8/24/1976 00:00:00,1566.67,1558.75,,,,,,,,,,,,,,
277,00/11-15-068-02W6/0,8/26/1976 00:00:00,1666.65,1650.49,,,,,,,,,,,,,,
278,00/11-15-068-02W6/0,9/2/1976 00:00:00,1909.27,1900.12,,,,,,,,,,,,,,
279,00/09-01-077-16W5/0,3/7/1977 00:00:00,481.58,467.87,,,,,,,,,,,,,,
280,00/09-01-077-16W5/0,3/8/1977 00:00:00,533.4,522.73,,,,,,,,,,,,,,
281,00/09-01-077-16W5/0,3/9/1977 00:00:00,806.2,792.48,,,,,,,,,,,,,,
282,00/07-23-048-11W4/0,1/6/1985 00:00:00,647.7,644.6,,,,,,,,,,,,,,
283,00/07-23-048-11W4/0,2/8/2002 00:00:00,647.7,644.7,,,,,,,,,,,,,,
284,00/11-09-052-26W4/0,11/21/1972 00:00:00,1367.94,1363.68,,,,,,,,,,,,,,
285,00/11-06-073-24W5/0,1/31/1973 00:00:00,1331.98,1314.3,,,,,,,,,,,,,,
286,00/07-29-072-22W5/0,11/5/1973 00:00:00,2442.36,2426.21,,,,,,,,,,,,,,
287,00/07-29-072-22W5/0,11/21/1973 00:00:00,2846.53,2841.96,,,,,,,,,,,,,,
288,00/07-29-072-22W5/0,9/30/1974 00:00:00,2846.22,2844.39,,,,,,,,,,,,,,
289,00/10-13-069-20W5/0,11/30/1969 00:00:00,1403.6,1392.94,,,,,,,,,,,,,,
290,00/10-13-069-20W5/0,3/25/1975 00:00:00,1401.5,1397.2,,,,,,,,,,,,,,
291,00/14-29-069-19W5/0,10/18/1960 00:00:00,442.5,440.92,,,,,,,,,,,,,,
292,00/14-29-069-19W5/0,6/6/1962 00:00:00,442.5,440.92,,,,,,,,,,,,,,
293,00/10-11-066-22W5/0,1/6/1978 00:00:00,1745.3,1342.2,,,,,,,,,,,,,,
294,00/10-11-066-22W5/0,1/24/1978 00:00:00,1757.17,1714.5,,,,,,,,,,,,,,
295,00/10-11-066-22W5/0,2/13/1978 00:00:00,1837.03,1820.27,,,,,,,,,,,,,,
296,00/10-11-066-22W5/0,3/25/1978 00:00:00,1745.28,1742.24,,,,,,,,,,,,,,
297,00/16-17-069-19W5/0,10/13/1970 00:00:00,2728.87,2707.54,,,,,,,,,,,,,,
298,00/10-17-065-19W5/0,3/4/1959 00:00:00,2459.74,2446.02,,,,,,,,,,,,,,
299,00/10-17-065-19W5/0,3/17/1959 00:00:00,2459.7,2446.0,,,,,,,,,,,,,,
300,00/02-15-064-19W5/0,8/14/1990 00:00:00,2972.0,2929.0,,,,,,,,,,,,,,
301,00/02-15-064-19W5/0,11/21/1990 00:00:00,2972.0,2924.1,,,,,,,,,,,,,,
302,00/02-15-064-19W5/0,5/18/1991 00:00:00,2972.0,2929.0,,,,,,,,,,,,,,
303,00/02-15-064-19W5/0,4/6/2003 00:00:00,2972.4,2929.1,,,,,,,,,,,,,,
304,00/02-15-064-19W5/0,1/31/2006 00:00:00,2972.4,2929.1,,,,,,,,,,,,,,
305,00/02-15-064-19W5/0,6/28/2006 00:00:00,2972.4,2929.1,,,,,,,,,,,,,,
306,00/02-15-064-19W5/0,7/21/2010 00:00:00,2972.4,2929.1,,,,,,,,,,,,,,
307,00/02-15-064-19W5/0,12/16/1989 00:00:00,2972.0,2924.1,3.32,5.92,7.49,6.06,61.74,0.15,,0.01,,2.06,2.85,0.01,6.37,4.02
308,00/02-15-064-19W5/0,7/16/1990 00:00:00,2972.0,2924.1,10.42,9.59,7.81,4.37,54.0,0.19,,,,2.0,2.44,0.01,5.72,3.45
309,00/02-15-064-19W5/0,2/17/1991 00:00:00,2972.0,2929.0,6.8,9.39,8.14,5.11,55.94,0.19,,0.03,,2.16,2.61,0.02,6.03,3.58
310,00/02-15-064-19W5/0,1/17/1992 00:00:00,2972.0,2929.0,4.39,8.92,8.4,4.13,58.91,0.11,,,,2.57,2.68,0.03,6.48,3.38
311,00/02-28-064-19W5/0,1/4/1991 00:00:00,2964.5,2931.5,,,,,,,,,,,,,,
312,00/02-28-064-19W5/0,4/11/1991 00:00:00,2964.5,2931.5,,,,,,,,,,,,,,
313,00/02-28-064-19W5/0,11/10/1991 00:00:00,2964.5,2931.5,,,,,,,,,,,,,,
314,00/02-28-064-19W5/0,11/16/2005 00:00:00,2964.5,2938.9,,,,,,,,,,,,,,
315,00/02-28-064-19W5/0,6/28/2006 00:00:00,2964.5,2938.9,,,,,,,,,,,,,,
316,00/02-28-064-19W5/0,4/20/2010 00:00:00,2964.5,2938.9,,,,,,,,,,,,,,
317,00/07-22-064-19W5/0,4/10/1957 00:00:00,2481.7,2456.7,,,,,,,,,,,,,,
318,00/07-22-064-19W5/0,6/13/1957 00:00:00,2926.08,2918.16,,,,,,,,,,,,,,
319,00/07-22-064-19W5/0,6/13/1957 00:00:00,2933.7,2917.55,,,,,,,,,,,,,,
320,00/07-22-064-19W5/0,8/26/1961 00:00:00,2941.32,2938.88,,,,,,,,,,,,,,
321,00/07-22-064-19W5/0,1/5/1991 00:00:00,2956.9,2921.2,,,,,,,,,,,,,,
322,00/07-22-064-19W5/0,4/6/1991 00:00:00,2956.9,2921.2,,,,,,,,,,,,,,
323,00/07-22-064-19W5/0,6/14/1991 00:00:00,2956.9,2921.2,,,,,,,,,,,,,,
324,00/07-22-064-19W5/0,2/17/1992 00:00:00,2956.9,2921.2,,,,,,,,,,,,,,
325,00/07-22-064-19W5/0,11/9/1991 00:00:00,2956.9,2921.2,5.17,8.8,8.18,4.3,58.32,0.19,,,,2.49,2.67,0.02,6.39,3.47
326,00/10-34-064-19W5/0,11/16/1960 00:00:00,1407.87,1401.78,,,,,,,,,,,,,,
327,00/10-34-064-19W5/0,7/30/1966 00:00:00,1401.5,1393.5,,,,,,,,,,,,,,
328,00/10-34-064-19W5/0,12/27/1967 00:00:00,1401.47,1393.55,,,,,,,,,,,,,,
329,00/10-34-064-19W5/0,9/3/1970 00:00:00,1401.47,1393.55,,,,,,,,,,,,,,
330,00/10-34-064-19W5/0,7/22/1971 00:00:00,1399.03,1391.41,,,,,,,,,,,,,,
331,00/10-34-064-19W5/0,1/18/1992 00:00:00,2938.0,2905.0,,,,,,,,,,,,,,
332,00/12-35-064-19W5/0,1/8/1991 00:00:00,2925.5,2901.1,,,,,,,,,,,,,,
333,00/12-35-064-19W5/0,4/5/1991 00:00:00,2925.5,2901.1,,,,,,,,,,,,,,
334,00/12-35-064-19W5/0,11/18/1991 00:00:00,2925.5,2901.1,,,,,,,,,,,,,,
335,00/07-10-058-13W5/0,1/14/1974 00:00:00,2752.34,2718.82,,,,,,,,,,,,,,
336,00/07-10-058-13W5/0,1/16/1974 00:00:00,2216.5,2194.5,,,,,,,,,,,,,,
337,00/07-10-058-13W5/0,1/16/1974 00:00:00,2216.51,2194.56,,,,,,,,,,,,,,
338,00/07-10-058-13W5/0,1/18/1974 00:00:00,1832.46,1817.83,,,,,,,,,,,,,,
339,00/07-10-058-13W5/0,2/4/1974 00:00:00,1496.57,1490.47,,,,,,,,,,,,,,
340,00/07-30-050-22W4/0,10/17/1960 00:00:00,1188.42,1171.96,,,,,,,,,,,,,,
341,00/07-30-050-22W4/0,10/18/1960 00:00:00,1204.57,1196.34,,,,,,,,,,,,,,
342,00/07-30-050-22W4/0,10/20/1960 00:00:00,1213.41,1204.87,,,,,,,,,,,,,,
343,00/07-30-050-22W4/0,10/23/1960 00:00:00,1227.12,1222.25,,,,,,,,,,,,,,
344,00/07-30-050-22W4/0,10/28/1960 00:00:00,1351.79,1333.5,,,,,,,,,,,,,,
345,00/07-30-050-22W4/0,10/30/1960 00:00:00,1354.84,1351.18,,,,,,,,,,,,,,
346,00/07-30-050-22W4/0,11/2/1960 00:00:00,1351.8,1333.5,,,,,,,,,,,,,,
347,00/03-32-060-15W5/0,1/18/1971 00:00:00,2646.3,2594.5,,,,,,,,,,,,,,
348,00/03-32-060-15W5/0,1/29/1971 00:00:00,2610.3,2602.4,,,,,,,,,,,,,,
349,00/10-16-064-19W5/0,10/2/1958 00:00:00,2999.23,2966.62,,,,,,,,,,,,,,
350,00/10-16-064-19W5/0,6/17/1990 00:00:00,2999.2,2966.6,,,,,,,,,,,,,,
351,00/10-16-064-19W5/0,8/11/1990 00:00:00,2999.2,2966.6,,,,,,,,,,,,,,
352,00/10-16-064-19W5/0,5/19/1991 00:00:00,2999.2,2966.6,,,,,,,,,,,,,,
353,00/10-16-064-19W5/0,12/13/1989 00:00:00,2999.2,2966.6,3.54,5.85,5.93,8.41,63.13,0.15,,,,1.78,2.51,0.01,5.15,3.54
354,00/10-16-064-19W5/0,2/17/1991 00:00:00,2999.2,2966.6,4.3,6.63,6.34,5.49,63.25,0.16,,,,1.99,2.66,0.02,5.53,3.63
355,00/10-16-064-19W5/0,1/18/1992 00:00:00,2999.2,2966.6,5.62,7.98,8.52,4.84,56.9,0.31,,0.03,,2.42,2.82,0.03,6.77,3.76
356,00/12-09-064-19W5/0,9/20/1959 00:00:00,1493.52,1477.67,,,,,,,,,,,,,,
357,00/12-09-064-19W5/0,3/15/2001 00:00:00,3023.6,2977.9,,,,,,,,,,,,,,
358,00/12-09-064-19W5/0,6/5/2006 00:00:00,3023.6,2988.3,,,,,,,,,,,,,,
359,00/12-09-064-19W5/0,10/19/2007 00:00:00,3023.6,2988.3,,,,,,,,,,,,,,
360,00/12-09-064-19W5/0,4/11/2010 00:00:00,3023.6,2988.3,,,,,,,,,,,,,,
361,00/12-09-064-19W5/0,7/22/2010 00:00:00,3023.6,2988.3,,,,,,,,,,,,,,
362,00/12-09-064-19W5/0,10/7/2011 00:00:00,3023.6,2988.3,,,,,,,,,,,,,,
363,00/12-09-064-19W5/0,10/26/2012 00:00:00,3023.6,2977.9,,,,,,,,,,,,,,
364,00/12-09-064-19W5/0,10/23/2015 00:00:00,3023.6,2977.9,,,,,,,,,,,,,,
365,00/12-09-064-19W5/0,10/25/2017 00:00:00,3023.6,2988.3,,,,,,,,,,,,,,
366,00/10-36-059-13W5/0,2/3/1973 00:00:00,1655.67,1639.82,,,,,,,,,,,,,,
367,00/10-36-059-13W5/0,2/8/1973 00:00:00,1656.8,1644.7,,,,,,,,,,,,,,
368,00/10-36-059-13W5/0,9/9/1979 00:00:00,1656.89,1653.84,,,,,,,,,,,,,,
369,00/10-36-059-13W5/0,11/26/1982 00:00:00,1656.9,1653.5,,,,,,,,,,,,,,
370,00/10-36-059-13W5/0,9/23/1992 00:00:00,1656.8,1644.7,,,,,,,,,,,,,,
371,00/10-36-059-13W5/0,9/23/1992 00:00:00,1656.9,1652.8,,,,,,,,,,,,,,
372,00/10-36-059-13W5/0,8/10/2017 00:00:00,1656.9,1652.9,,,,,,,,,,,,,,
373,00/10-17-064-19W5/0,8/28/1958 00:00:00,1502.66,1481.33,,,,,,,,,,,,,,
374,00/10-17-064-19W5/0,12/27/1966 00:00:00,1490.47,1485.9,,,,,,,,,,,,,,
375,00/10-17-064-19W5/0,9/3/1970 00:00:00,1490.47,1485.9,,,,,,,,,,,,,,
376,00/10-17-064-19W5/0,9/15/1980 00:00:00,1490.47,1485.9,,,,,,,,,,,,,,
377,00/10-17-064-19W5/0,3/12/2001 00:00:00,3047.1,3005.6,,,,,,,,,,,,,,
378,00/10-17-064-19W5/0,4/5/2003 00:00:00,3047.1,3005.6,,,,,,,,,,,,,,
379,00/10-17-064-19W5/0,2/25/2005 00:00:00,3023.0,3005.6,,,,,,,,,,,,,,
380,00/10-17-064-19W5/0,6/29/2006 00:00:00,1490.5,1485.9,,,,,,,,,,,,,,
381,00/10-17-064-19W5/0,4/15/2011 00:00:00,3047.1,3005.6,,,,,,,,,,,,,,
382,00/10-17-064-19W5/0,4/20/2018 00:00:00,3047.1,3005.6,,,,,,,,,,,,,,
383,00/12-22-063-19W5/0,10/19/1959 00:00:00,1818.74,1803.5,,,,,,,,,,,,,,
384,00/10-18-063-19W5/0,1/24/1963 00:00:00,1591.06,1584.96,,,,,,,,,,,,,,
385,00/10-18-063-19W5/0,9/29/2007 00:00:00,1862.3,1845.6,,,,,,,,,,,,,,
386,00/10-18-063-19W5/0,10/29/2007 00:00:00,1589.0,1584.5,,,,,,,,,,,,,,
387,00/10-18-063-19W5/0,1/16/2009 00:00:00,1589.0,1584.5,,,,,,,,,,,,,,
388,00/10-18-063-19W5/0,10/15/1994 00:00:00,1862.9,1837.5,4.26,1.77,1.89,4.5,82.36,0.23,,,,0.61,1.17,0.01,1.53,1.67
389,00/05-05-064-18W5/0,7/11/1957 00:00:00,1487.42,1476.76,,,,,,,,,,,,,,
390,00/05-05-064-18W5/0,7/27/1957 00:00:00,1763.27,1749.55,,,,,,,,,,,,,,
391,00/05-05-064-18W5/0,10/25/2000 00:00:00,1758.0,1750.0,,,,,,,,,,,,,,
392,00/05-05-064-18W5/0,1/12/2006 00:00:00,1758.0,1750.0,,,,,,,,,,,,,,
393,00/05-05-064-18W5/0,2/21/2007 00:00:00,1758.0,1750.0,,,,,,,,,,,,,,
394,00/05-05-064-18W5/0,2/21/2008 00:00:00,1758.0,1750.0,,,,,,,,,,,,,,
395,00/05-05-064-18W5/0,1/10/2011 00:00:00,1758.0,1750.0,,,,,,,,,,,,,,
396,00/07-33-063-19W5/0,11/3/1957 00:00:00,3029.1,3004.72,,,,,,,,,,,,,,
397,00/07-33-063-19W5/0,7/19/1990 00:00:00,3029.1,3004.7,,,,,,,,,,,,,,
398,00/07-33-063-19W5/0,1/27/1992 00:00:00,3029.1,3004.7,,,,,,,,,,,,,,
399,00/07-33-063-19W5/0,9/27/1992 00:00:00,3029.1,3004.7,,,,,,,,,,,,,,
400,00/07-33-063-19W5/0,9/24/1990 00:00:00,3029.1,3004.7,5.06,7.74,9.78,5.64,54.91,0.25,,,,2.23,2.94,0.02,7.23,4.2
401,00/04-11-065-19W5/0,8/15/1960 00:00:00,1705.97,1693.47,,,,,,,,,,,,,,
402,00/04-11-065-19W5/0,10/12/1960 00:00:00,2963.88,2939.8,,,,,,,,,,,,,,
403,00/04-11-065-19W5/0,11/12/1960 00:00:00,2963.9,2939.8,,,,,,,,,,,,,,
404,00/04-11-065-19W5/0,1/16/1991 00:00:00,2963.9,2939.8,,,,,,,,,,,,,,
405,00/04-11-065-19W5/0,12/2/1991 00:00:00,2963.9,2939.8,,,,,,,,,,,,,,
406,00/04-11-065-19W5/0,2/20/1992 00:00:00,2963.9,2939.8,,,,,,,,,,,,,,
407,00/04-11-065-19W5/0,3/25/2003 00:00:00,2963.9,2953.5,,,,,,,,,,,,,,
408,00/04-11-065-19W5/0,6/28/2006 00:00:00,2963.9,2939.8,,,,,,,,,,,,,,
409,00/04-11-065-19W5/0,4/20/2010 00:00:00,2963.9,2939.8,,,,,,,,,,,,,,
410,00/04-11-065-19W5/0,8/18/2017 00:00:00,2963.4,2939.8,,,,,,,,,,,,,,
411,00/04-11-065-19W5/0,4/7/1991 00:00:00,2963.9,2939.8,4.81,5.48,6.93,5.57,62.15,0.2,,,,1.89,2.79,0.03,6.15,4.0
412,00/10-25-066-20W5/0,2/27/1973 00:00:00,1621.54,1615.44,,,,,,,,,,,,,,
413,00/13-08-063-20W5/0,1/7/1977 00:00:00,3247.3,3203.4,,,,,,,,,,,,,,
414,00/11-28-068-19W5/0,12/23/1973 00:00:00,2819.4,2790.44,,,,,,,,,,,,,,
415,00/02-27-063-19W5/0,2/14/1990 00:00:00,3048.9,3009.0,,,,,,,,,,,,,,
416,00/02-27-063-19W5/0,2/17/1990 00:00:00,3058.0,3009.0,,,,,,,,,,,,,,
417,00/02-27-063-19W5/0,8/17/1990 00:00:00,3059.0,3009.0,,,,,,,,,,,,,,
418,00/02-27-063-19W5/0,11/20/1990 00:00:00,3058.0,3009.0,,,,,,,,,,,,,,
419,00/02-27-063-19W5/0,2/24/1991 00:00:00,3058.0,3009.0,,,,,,,,,,,,,,
420,00/02-27-063-19W5/0,5/20/1991 00:00:00,3058.0,3009.0,,,,,,,,,,,,,,
421,00/02-27-063-19W5/0,1/24/1992 00:00:00,3058.0,3009.0,,,,,,,,,,,,,,
422,00/05-31-065-06W5/0,8/14/1957 00:00:00,2172.31,2160.42,,,,,,,,,,,,,,
423,00/05-31-065-06W5/0,8/21/1957 00:00:00,2167.13,2164.08,,,,,,,,,,,,,,
424,00/02-18-063-18W5/0,10/26/1959 00:00:00,1543.51,922.02,,,,,,,,,,,,,,
425,00/02-18-063-18W5/0,10/30/1959 00:00:00,1791.31,1766.93,,,,,,,,,,,,,,
426,00/02-18-063-18W5/0,11/23/1959 00:00:00,2558.8,2538.98,,,,,,,,,,,,,,
427,00/02-18-063-18W5/0,6/28/1987 00:00:00,1569.1,1537.4,,,,,,,,,,,,,,
428,00/02-18-063-18W5/0,6/27/2006 00:00:00,1569.1,1537.4,,,,,,,,,,,,,,
429,00/10-01-065-18W5/0,12/25/1960 00:00:00,1644.4,1635.3,,,,,,,,,,,,,,
430,00/10-01-065-18W5/0,12/27/1960 00:00:00,1660.0,1649.0,,,,,,,,,,,,,,
431,00/10-01-065-18W5/0,1/5/1961 00:00:00,1397.51,1386.84,,,,,,,,,,,,,,
432,00/10-01-065-18W5/0,1/10/1972 00:00:00,1391.11,1387.45,,,,,,,,,,,,,,
433,00/10-01-065-18W5/0,5/3/2001 00:00:00,2248.0,2227.1,,,,,,,,,,,,,,
434,00/10-01-065-18W5/0,2/26/2004 00:00:00,1391.1,1385.0,,,,,,,,,,,,,,
435,00/10-01-065-18W5/0,8/19/2004 00:00:00,1391.1,1385.0,,,,,,,,,,,,,,
436,00/10-01-065-18W5/0,7/25/2005 00:00:00,1391.1,1385.0,,,,,,,,,,,,,,
437,00/10-07-060-17W5/0,1/17/1976 00:00:00,2622.5,2592.32,,,,,,,,,,,,,,
438,00/10-07-060-17W5/0,1/22/1976 00:00:00,2622.5,2592.3,,,,,,,,,,,,,,
439,00/10-07-060-17W5/0,10/16/1995 00:00:00,1936.0,1929.0,,,,,,,,,,,,,,
440,00/10-16-064-22W5/0,1/16/1979 00:00:00,2057.4,2053.4,,,,,,,,,,,,,,
441,00/10-16-064-22W5/0,10/30/1986 00:00:00,626.79,625.88,,,,,,,,,,,,,,
442,00/10-16-064-22W5/0,10/30/1986 00:00:00,2056.4,2053.4,,,,,,,,,,,,,,
443,00/10-16-064-22W5/0,3/16/2000 00:00:00,2057.4,2053.4,,,,,,,,,,,,,,
444,00/10-16-064-22W5/0,12/28/2005 00:00:00,2056.0,2052.5,,,,,,,,,,,,,,
445,00/10-16-064-22W5/0,1/25/2007 00:00:00,2056.0,2052.5,,,,,,,,,,,,,,
446,00/10-16-064-22W5/0,4/6/2009 00:00:00,2056.0,2052.0,0.0,0.33,1.85,17.76,69.39,0.0,0.0,0.0,0.0,0.83,2.32,0.0,3.08,4.44
447,00/06-23-063-18W5/0,2/25/1971 00:00:00,2965.4,2947.42,,,,,,,,,,,,,,
448,00/10-25-063-18W5/0,2/10/1963 00:00:00,1736.75,1719.99,,,,,,,,,,,,,,
449,00/10-25-063-18W5/0,2/12/1963 00:00:00,1759.92,1756.26,,,,,,,,,,,,,,
450,00/10-25-063-18W5/0,3/21/1980 00:00:00,1480.7,1477.4,,,,,,,,,,,,,,
451,00/10-25-063-18W5/0,4/5/1980 00:00:00,1480.7,1477.4,,,,,,,,,,,,,,
452,00/10-25-063-18W5/0,6/27/2006 00:00:00,1480.7,1477.4,,,,,,,,,,,,,,
453,00/06-03-051-07W5/0,6/1/1978 00:00:00,1804.42,1783.69,,,,,,,,,,,,,,
454,00/06-03-051-07W5/0,6/14/1978 00:00:00,2271.7,2262.2,,,,,,,,,,,,,,
455,00/02-14-064-18W5/0,3/1/1964 00:00:00,2962.66,2950.46,,,,,,,,,,,,,,
456,00/02-14-064-18W5/0,10/25/2000 00:00:00,1821.5,1813.5,,,,,,,,,,,,,,
457,00/02-14-064-18W5/0,1/24/2002 00:00:00,2303.5,2301.5,,,,,,,,,,,,,,
458,00/02-14-064-18W5/0,6/27/2003 00:00:00,820.4,816.6,,,,,,,,,,,,,,
459,00/02-14-064-18W5/0,2/27/2000 00:00:00,2958.4,2953.5,,0.38,4.47,9.24,62.33,,,,,2.17,4.57,,9.4,7.44
460,00/10-29-059-18W5/0,9/3/1970 00:00:00,3189.4,3167.5,,,,,,,,,,,,,,
461,00/10-29-059-18W5/0,9/3/1970 00:00:00,3189.43,3167.48,,,,,,,,,,,,,,
462,00/10-29-059-18W5/0,1/24/2007 00:00:00,3189.4,3167.5,,,,,,,,,,,,,,
463,00/10-29-059-18W5/0,2/19/2008 00:00:00,3189.4,3167.5,,,,,,,,,,,,,,
464,00/10-29-059-18W5/0,12/4/2008 00:00:00,3189.4,3167.5,,,,,,,,,,,,,,
465,00/10-29-059-18W5/0,5/11/2012 00:00:00,3189.4,3167.5,,,,,,,,,,,,,,
466,00/10-29-059-18W5/0,7/20/2010 00:00:00,3189.4,3167.5,4.88,2.78,3.12,7.59,61.39,0.63,0.0,7.63,0.0,1.58,2.83,0.01,3.86,3.7
467,00/10-29-059-18W5/0,6/11/2009 00:00:00,3189.4,3167.5,5.09,2.87,3.65,5.08,59.47,0.64,0.0,7.22,0.0,2.08,3.91,0.02,4.94,5.03
468,00/12-25-069-19W5/0,3/8/1973 00:00:00,1546.7,1527.0,,,,,,,,,,,,,,
469,00/06-10-061-17W5/0,11/17/1977 00:00:00,3017.2,3010.5,,,,,,,,,,,,,,
470,00/11-32-056-13W5/0,11/21/1977 00:00:00,3013.86,2998.01,,,,,,,,,,,,,,
471,00/11-32-056-13W5/0,12/17/1977 00:00:00,3007.2,3005.3,,,,,,,,,,,,,,
472,00/11-32-056-13W5/0,12/17/1977 00:00:00,3007.2,3005.3,2.68,0.71,0.73,5.03,86.93,0.18,,,,0.4,0.97,,0.96,1.41
473,00/10-18-063-21W5/0,9/27/1975 00:00:00,2057.4,2039.11,,,,,,,,,,,,,,
474,00/10-18-063-21W5/0,3/2/2001 00:00:00,2043.37,2039.11,,,,,,,,,,,,,,
475,00/10-18-063-21W5/0,2/13/2008 00:00:00,2053.0,2039.1,,,,,,,,,,,,,,
476,00/11-27-062-20W5/0,7/23/1961 00:00:00,3185.5,3182.4,,,,,,,,,,,,,,
477,00/11-27-062-20W5/0,8/10/1961 00:00:00,1978.15,1958.34,,,,,,,,,,,,,,
478,00/11-27-062-20W5/0,8/30/1961 00:00:00,2164.08,2127.5,,,,,,,,,,,,,,
479,00/11-27-062-20W5/0,9/10/1961 00:00:00,3187.6,3172.36,,,,,,,,,,,,,,
480,00/11-27-062-20W5/0,9/13/1961 00:00:00,3195.5,3188.2,,,,,,,,,,,,,,
481,00/11-27-062-20W5/0,10/6/1967 00:00:00,3185.5,3182.4,,,,,,,,,,,,,,
482,00/11-27-062-20W5/0,12/12/1968 00:00:00,1950.7,1949.5,,,,,,,,,,,,,,
483,00/11-27-062-20W5/0,5/22/1980 00:00:00,1959.5,1949.8,,,,,,,,,,,,,,
484,00/11-27-062-20W5/0,5/7/1987 00:00:00,1963.5,1953.8,,,,,,,,,,,,,,
485,00/11-27-062-20W5/0,10/6/1967 00:00:00,3185.5,3182.4,17.2,8.27,6.75,6.69,26.88,2.1,,19.29,,2.52,2.74,0.16,4.74,2.66
486,00/11-27-062-20W5/0,10/4/1967 00:00:00,3185.5,3182.4,18.02,6.77,5.28,6.88,28.99,1.74,,20.15,,2.22,2.65,0.17,4.38,2.75
487,00/11-21-064-25W5/0,12/13/1973 00:00:00,3081.53,3057.14,,,,,,,,,,,,,,
488,00/11-21-064-25W5/0,12/14/1973 00:00:00,3081.53,3057.14,,,,,,,,,,,,,,
489,00/11-21-064-25W5/0,1/7/1974 00:00:00,3877.06,3083.05,,,,,,,,,,,,,,
490,00/10-18-065-23W5/0,11/10/1962 00:00:00,3445.5,3424.4,,,,,,,,,,,,,,
491,00/10-18-065-23W5/0,6/11/1963 00:00:00,3445.46,3424.37,,,,,,,,,,,,,,
492,00/10-18-065-23W5/0,9/9/1968 00:00:00,3445.46,3424.37,,,,,,,,,,,,,,
493,00/10-18-065-23W5/0,6/21/2009 00:00:00,3429.3,3424.4,,,,,,,,,,,,,,
494,00/12-35-061-18W5/0,4/1/1976 00:00:00,3062.02,3029.71,,,,,,,,,,,,,,
495,00/12-35-061-18W5/0,4/3/1976 00:00:00,1611.17,1604.77,,,,,,,,,,,,,,
496,00/12-35-061-18W5/0,4/4/1976 00:00:00,1876.04,1860.8,,,,,,,,,,,,,,
497,00/12-35-061-18W5/0,4/5/1976 00:00:00,1991.87,1979.68,,,,,,,,,,,,,,
498,00/12-35-061-18W5/0,8/16/2003 00:00:00,1883.0,1606.0,,,,,,,,,,,,,,
499,00/12-35-061-18W5/0,8/8/2008 00:00:00,1611.0,1060.0,,,,,,,,,,,,,,
500,00/12-35-061-18W5/0,11/18/2010 00:00:00,1611.0,1606.0,,,,,,,,,,,,,,
501,00/12-35-061-18W5/0,8/12/2011 00:00:00,1868.9,1606.0,,,,,,,,,,,,,,
502,00/12-35-061-18W5/0,1/6/2014 00:00:00,1868.9,1606.0,,,,,,,,,,,,,,
503,00/12-35-061-18W5/0,10/10/2014 00:00:00,1868.9,1606.0,,,,,,,,,,,,,,
504,00/12-35-061-18W5/0,8/14/2016 00:00:00,1868.9,1606.0,,,,,,,,,,,,,,
505,00/12-35-061-18W5/0,8/2/1978 00:00:00,1868.9,1865.3,0.03,0.05,0.3,4.6,91.47,,,,,0.25,1.02,,0.81,1.47
506,00/06-13-060-18W5/0,3/5/1977 00:00:00,1978.15,1950.11,,,,,,,,,,,,,,
507,00/06-13-060-18W5/0,4/13/1977 00:00:00,1981.8,1980.0,,,,,,,,,,,,,,
508,00/06-13-060-18W5/0,10/5/1981 00:00:00,1976.9,1975.1,,,,,,,,,,,,,,
509,00/06-13-060-18W5/0,1/27/1983 00:00:00,1976.9,1975.1,,,,,,,,,,,,,,
510,00/06-13-060-18W5/0,7/25/1988 00:00:00,1976.9,1975.1,,,,,,,,,,,,,,
511,00/06-13-060-18W5/0,8/2/2001 00:00:00,1976.9,1975.1,,,,,,,,,,,,,,
512,00/06-13-060-18W5/0,5/10/1984 00:00:00,1976.9,1975.1,0.11,0.17,0.88,4.18,89.89,,,,,0.57,1.28,,1.33,1.59
513,00/12-33-055-13W5/0,1/9/1963 00:00:00,2072.0,2062.9,,,,,,,,,,,,,,
514,00/12-33-055-13W5/0,1/9/1963 00:00:00,2072.03,2062.89,,,,,,,,,,,,,,
515,00/07-22-063-24W5/0,12/18/1976 00:00:00,2223.21,2214.07,,,,,,,,,,,,,,
516,00/07-22-063-24W5/0,3/10/1980 00:00:00,2220.5,2215.6,,,,,,,,,,,,,,
517,00/14-29-048-06W5/0,11/4/1953 00:00:00,896.42,875.08,,,,,,,,,,,,,,
518,00/06-34-054-15W5/0,5/3/1971 00:00:00,3196.1,3191.9,,,,,,,,,,,,,,
519,00/06-34-054-15W5/0,8/4/1971 00:00:00,3196.1,3191.9,0.49,0.45,0.85,3.99,86.86,0.21,,2.0,,0.67,1.42,,1.46,1.6
520,00/06-34-054-15W5/0,12/4/1986 00:00:00,3196.1,3191.9,21.08,3.75,2.17,3.23,49.67,4.11,,10.49,,0.97,1.29,0.09,1.74,1.41
521,00/12-01-064-24W5/0,11/1/1961 00:00:00,1593.8,1591.97,,,,,,,,,,,,,,
522,00/12-01-064-24W5/0,3/29/1969 00:00:00,1594.71,1590.14,,,,,,,,,,,,,,
523,00/12-01-064-24W5/0,6/27/1973 00:00:00,1594.7,1590.8,,,,,,,,,,,,,,
524,00/12-01-064-24W5/0,2/27/1981 00:00:00,1594.0,1592.0,,,,,,,,,,,,,,
525,00/12-01-064-24W5/0,3/10/2001 00:00:00,1594.7,1590.1,,,,,,,,,,,,,,
526,00/12-01-064-24W5/0,1/12/2007 00:00:00,1594.7,1590.1,,,,,,,,,,,,,,
527,00/12-01-064-24W5/0,10/17/2007 00:00:00,1594.7,1590.1,,,,,,,,,,,,,,
528,00/12-01-064-24W5/0,3/1/2008 00:00:00,1594.7,1590.1,,,,,,,,,,,,,,
529,00/12-01-064-24W5/0,3/4/2009 00:00:00,1594.7,1590.1,,,,,,,,,,,,,,
530,00/12-01-064-24W5/0,4/2/2012 00:00:00,1594.7,1590.1,,,,,,,,,,,,,,
531,00/12-01-064-24W5/0,8/28/1961 00:00:00,1594.7,1590.1,15.91,8.89,11.86,10.03,30.62,0.1,,,,3.35,5.06,,8.32,5.86
532,00/12-01-064-24W5/0,7/22/1999 00:00:00,1594.7,1590.1,0.04,0.28,1.28,5.34,86.35,0.0,0.0,0.0,0.0,0.6,1.82,0.0,2.01,2.28
533,00/12-01-064-24W5/0,12/11/1997 00:00:00,1594.7,1590.1,2.88,1.42,2.02,5.8,81.32,0.04,0.0,0.0,0.0,0.74,1.77,0.01,1.88,2.12
534,00/12-01-064-24W5/0,3/1/1997 00:00:00,1594.7,1590.1,3.39,1.77,2.68,4.95,79.83,0.04,0.0,0.0,0.0,0.83,1.87,0.01,2.41,2.22
535,00/12-01-064-24W5/0,12/11/1997 00:00:00,1594.7,1590.1,6.06,2.17,2.96,5.6,75.26,0.05,0.0,0.0,0.0,0.88,2.0,0.03,2.54,2.45
536,00/04-18-065-23W5/0,3/30/2006 00:00:00,3446.4,3413.6,2.66,2.97,5.4,10.13,59.33,0.11,0.0,0.0,0.0,1.9,4.56,0.02,6.63,6.29
537,00/11-05-055-15W5/0,10/5/1975 00:00:00,2192.12,2156.76,,,,,,,,,,,,,,
538,00/11-05-055-15W5/0,11/8/1975 00:00:00,2165.9,2161.6,15.24,7.6,9.98,7.81,43.63,0.79,,,,2.5,2.77,0.23,5.95,3.5
539,00/07-11-064-25W5/0,2/15/1975 00:00:00,2307.34,2292.1,,,,,,,,,,,,,,
540,00/07-11-064-25W5/0,3/20/1975 00:00:00,2141.52,2132.69,,,,,,,,,,,,,,
541,00/07-07-061-16W5/0,1/3/1978 00:00:00,1880.62,1854.71,,,,,,,,,,,,,,
542,00/07-07-061-16W5/0,3/21/1978 00:00:00,1882.4,1864.2,,,,,,,,,,,,,,
543,00/07-07-061-16W5/0,3/21/1978 00:00:00,1882.44,1864.16,,,,,,,,,,,,,,
544,00/07-07-061-16W5/0,9/10/1982 00:00:00,1882.5,1864.2,,,,,,,,,,,,,,
545,00/07-07-061-16W5/0,3/29/1989 00:00:00,1882.5,1864.2,,,,,,,,,,,,,,
546,00/07-07-061-16W5/0,8/3/2012 00:00:00,1674.0,1670.0,,,,,,,,,,,,,,
547,00/07-07-061-16W5/0,2/1/2015 00:00:00,1674.0,1670.0,,,,,,,,,,,,,,
548,00/07-07-061-16W5/0,1/4/2018 00:00:00,1882.4,1864.2,,,,,,,,,,,,,,
549,00/07-07-061-16W5/0,8/22/2008 00:00:00,1674.0,1670.0,5.51,2.28,3.61,6.16,73.37,0.04,0.0,0.0,0.0,1.94,2.59,0.02,2.52,1.96
550,00/07-07-061-16W5/0,3/10/2014 00:00:00,1674.0,1670.0,3.98,2.46,4.25,8.43,65.55,0.08,0.0,0.0,0.0,2.18,3.79,0.04,4.97,4.27
551,00/07-14-062-20W5/0,3/13/1965 00:00:00,3304.0,2782.8,,,,,,,,,,,,,,
552,00/07-14-062-20W5/0,8/9/1965 00:00:00,3214.4,3205.9,,,,,,,,,,,,,,
553,00/07-14-062-20W5/0,8/9/1965 00:00:00,3214.4,3205.9,0.39,1.25,3.44,15.53,57.13,0.13,,5.57,,2.36,4.39,,4.63,5.18
554,00/11-26-062-14W5/0,1/17/1977 00:00:00,1749.6,1734.3,,,,,,,,,,,,,,
555,00/10-29-064-23W5/0,12/14/1976 00:00:00,1526.38,1522.78,,,,,,,,,,,,,,
556,00/10-29-064-23W5/0,2/27/1981 00:00:00,1525.2,1522.8,,,,,,,,,,,,,,
557,00/10-29-064-23W5/0,2/27/1981 00:00:00,1526.4,1522.8,,,,,,,,,,,,,,
558,00/10-29-064-23W5/0,1/25/2007 00:00:00,1526.4,1522.8,,,,,,,,,,,,,,
559,00/10-29-064-23W5/0,12/2/2015 00:00:00,1526.4,1522.8,,,,,,,,,,,,,,
560,00/10-29-064-23W5/0,4/1/1980 00:00:00,1526.4,1522.8,6.08,4.76,9.65,11.7,37.16,0.08,,,,3.62,7.16,0.56,10.87,8.36
561,00/10-29-064-23W5/0,3/1/2008 00:00:00,1526.4,1522.8,2.07,1.78,2.22,4.3,83.82,0.07,0.0,0.0,0.0,0.64,1.31,0.02,1.99,1.78
562,00/10-29-064-23W5/0,5/8/2009 00:00:00,1526.4,1522.8,3.56,1.92,2.25,7.03,78.11,0.07,0.0,0.0,0.0,0.67,1.75,0.03,2.15,2.46
563,00/10-29-064-23W5/0,4/6/2012 00:00:00,1526.4,1522.8,5.66,1.8,2.41,5.58,77.17,0.05,0.0,0.0,0.0,0.77,1.93,0.06,2.26,2.31
564,00/04-16-062-19W5/0,4/18/1959 00:00:00,1706.88,1676.4,,,,,,,,,,,,,,
565,00/06-06-062-19W5/0,4/9/1967 00:00:00,3208.9,3202.8,,,,,,,,,,,,,,
566,00/06-06-062-19W5/0,11/26/1968 00:00:00,3227.8,3200.4,,,,,,,,,,,,,,
567,00/06-06-062-19W5/0,3/18/1967 00:00:00,3225.4,3207.4,11.38,6.93,5.45,6.57,32.59,2.55,,20.2,,2.23,3.04,0.27,5.06,3.73
568,00/02-18-062-18W5/0,7/11/1968 00:00:00,1941.88,1938.83,,,,,,,,,,,,,,
569,00/02-18-062-18W5/0,10/28/2002 00:00:00,1944.0,1922.4,,,,,,,,,,,,,,
570,00/02-18-062-18W5/0,8/25/2005 00:00:00,1944.0,1922.4,,,,,,,,,,,,,,
571,00/02-18-062-18W5/0,11/6/2006 00:00:00,1944.0,1922.4,,,,,,,,,,,,,,
572,00/02-18-062-18W5/0,5/13/2008 00:00:00,1944.0,1922.4,,,,,,,,,,,,,,
573,00/02-18-062-18W5/0,10/31/2009 00:00:00,1944.0,1922.4,,,,,,,,,,,,,,
574,00/02-18-062-18W5/0,8/29/2010 00:00:00,1944.0,1922.4,,,,,,,,,,,,,,
575,00/10-19-053-14W5/0,5/6/2004 00:00:00,2256.0,2250.0,,,,,,,,,,,,,,
576,02/10-21-062-18W5/0,4/30/1976 00:00:00,1900.73,1884.88,,,,,,,,,,,,,,
577,00/10-17-064-24W5/0,8/11/1977 00:00:00,1805.94,1786.13,,,,,,,,,,,,,,
578,00/10-17-064-24W5/0,9/13/1977 00:00:00,3634.13,3624.38,,,,,,,,,,,,,,
579,00/10-17-064-24W5/0,9/18/1977 00:00:00,3092.5,3086.1,,,,,,,,,,,,,,
580,00/07-02-062-17W5/0,3/16/1978 00:00:00,1875.74,1859.28,,,,,,,,,,,,,,
581,00/07-02-062-17W5/0,3/18/1978 00:00:00,2550.9,2528.6,,,,,,,,,,,,,,
582,00/07-02-062-17W5/0,3/19/1978 00:00:00,1623.97,1595.32,,,,,,,,,,,,,,
583,00/16-27-063-09W5/0,2/12/1974 00:00:00,1383.79,1367.03,,,,,,,,,,,,,,
584,00/16-27-063-09W5/0,2/18/1974 00:00:00,1430.43,1406.65,,,,,,,,,,,,,,
585,00/16-27-063-09W5/0,3/11/1974 00:00:00,1183.23,1168.6,,,,,,,,,,,,,,
586,00/16-27-063-09W5/0,3/11/1974 00:00:00,1440.18,1409.7,,,,,,,,,,,,,,
587,00/07-14-062-18W5/0,11/9/1976 00:00:00,1911.1,1892.81,,,,,,,,,,,,,,
588,00/07-14-062-18W5/0,12/3/1976 00:00:00,3099.5,3092.1,,,,,,,,,,,,,,
589,00/07-14-062-18W5/0,12/8/1976 00:00:00,3096.46,3092.2,,,,,,,,,,,,,,
590,00/07-14-062-18W5/0,12/8/1976 00:00:00,3099.51,3092.2,,,,,,,,,,,,,,
591,00/07-14-062-18W5/0,3/15/1977 00:00:00,3097.1,3094.3,,,,,,,,,,,,,,
592,00/07-14-062-18W5/0,3/16/1977 00:00:00,3097.1,3094.3,,,,,,,,,,,,,,
593,00/07-14-062-18W5/0,3/17/1977 00:00:00,3097.1,3094.3,,,,,,,,,,,,,,
594,00/07-14-062-18W5/0,12/3/1976 00:00:00,3099.5,3092.1,0.03,0.57,2.6,84.05,,0.02,,1.08,,1.1,2.44,,4.56,3.55
595,00/06-33-062-17W5/0,1/21/1977 00:00:00,1830.32,1810.51,,,,,,,,,,,,,,
596,00/06-33-062-17W5/0,1/25/1977 00:00:00,1856.23,1838.86,,,,,,,,,,,,,,
597,00/06-33-062-17W5/0,2/6/1989 00:00:00,1946.0,1939.0,,,,,,,,,,,,,,
598,00/02-19-061-19W5/0,3/7/1958 00:00:00,2904.13,2891.64,,,,,,,,,,,,,,
599,00/02-19-061-19W5/0,3/13/1958 00:00:00,2904.1,2891.6,,,,,,,,,,,,,,
600,00/02-19-061-19W5/0,9/18/1999 00:00:00,2919.1,2896.8,,,,,,,,,,,,,,
601,00/02-19-061-19W5/0,9/19/1999 00:00:00,2919.1,2896.8,,,,,,,,,,,,,,
602,00/02-19-061-19W5/0,10/9/1999 00:00:00,2912.0,2908.5,,,,,,,,,,,,,,
603,00/02-19-061-19W5/0,2/12/2000 00:00:00,2049.0,2047.5,,,,,,,,,,,,,,
604,00/06-33-061-17W5/0,9/11/1973 00:00:00,1680.06,1648.66,,,,,,,,,,,,,,
605,00/06-26-059-18W5/0,3/4/1970 00:00:00,3227.2,3198.0,,,,,,,,,,,,,,
606,00/06-26-059-18W5/0,3/4/1970 00:00:00,3227.2,3198.0,1.51,1.9,3.58,13.21,56.0,0.29,,7.46,,2.18,3.94,,5.67,4.26
607,00/06-26-059-18W5/0,9/5/1984 00:00:00,3227.2,3197.9,30.83,10.11,3.35,2.42,40.56,0.38,,6.13,,0.83,1.2,0.65,1.95,1.59
608,00/11-33-060-20W5/0,3/6/1977 00:00:00,1467.92,1458.47,,,,,,,,,,,,,,
609,00/11-33-060-20W5/0,3/15/1977 00:00:00,2200.66,2183.89,,,,,,,,,,,,,,
610,00/11-33-060-20W5/0,4/5/1977 00:00:00,3392.4,3372.6,,,,,,,,,,,,,,
611,00/11-33-060-20W5/0,3/25/1978 00:00:00,2196.7,2184.0,,,0.02,97.85,,,,,,0.1,0.8,,0.35,0.88
612,00/11-05-053-15W5/0,12/11/1976 00:00:00,3416.8,3401.6,,,,,,,,,,,,,,
613,02/10-11-062-18W5/0,3/26/1977 00:00:00,3113.84,3105.91,,,,,,,,,,,,,,
614,00/10-08-059-19W5/0,9/17/1977 00:00:00,2034.24,2008.63,,,,,,,,,,,,,,
615,00/10-08-059-19W5/0,10/14/1977 00:00:00,2359.15,2336.9,,,,,,,,,,,,,,
616,00/11-09-062-16W5/0,1/19/1977 00:00:00,2982.5,2979.1,,,,,,,,,,,,,,
617,00/11-09-062-16W5/0,1/29/1977 00:00:00,2981.9,2979.1,12.39,4.48,4.37,57.61,,0.78,,3.05,,2.21,4.17,0.1,5.34,5.5
618,00/10-20-062-16W5/0,1/30/1976 00:00:00,1575.82,1570.33,,,,,,,,,,,,,,
619,00/14-20-041-27W4/0,3/23/1955 00:00:00,985.42,974.14,,,,,,,,,,,,,,
620,00/10-17-062-16W5/0,7/13/1976 00:00:00,1840.0,1835.0,,,,,,,,,,,,,,
621,00/10-17-062-16W5/0,8/8/1976 00:00:00,1978.15,1969.01,,,,,,,,,,,,,,
622,00/10-17-062-16W5/0,8/16/1976 00:00:00,3003.19,2995.57,,,,,,,,,,,,,,
623,00/10-17-062-16W5/0,8/17/1976 00:00:00,3003.19,2995.57,,,,,,,,,,,,,,
624,00/10-17-062-16W5/0,8/28/1976 00:00:00,1978.15,1969.01,,,,,,,,,,,,,,
625,00/10-17-062-16W5/0,9/1/1976 00:00:00,3005.33,2996.18,,,,,,,,,,,,,,
626,00/10-17-062-16W5/0,3/28/1978 00:00:00,3001.67,2965.7,,,,,,,,,,,,,,
627,00/03-25-061-17W5/0,11/21/1977 00:00:00,3067.8,3047.3,,,,,,,,,,,,,,
628,00/03-25-061-17W5/0,11/29/1977 00:00:00,1924.51,1898.9,,,,,,,,,,,,,,
629,00/03-25-061-17W5/0,12/5/1977 00:00:00,1911.1,1906.22,,,,,,,,,,,,,,
630,00/03-25-061-17W5/0,12/16/1980 00:00:00,1904.7,1901.6,,,,,,,,,,,,,,
631,00/03-25-061-17W5/0,3/23/1983 00:00:00,1904.7,1901.6,,,,,,,,,,,,,,
632,00/03-25-061-17W5/0,5/7/2004 00:00:00,1921.5,1901.6,,,,,,,,,,,,,,
633,00/11-31-058-13W5/0,2/26/1973 00:00:00,1961.39,1938.53,,,,,,,,,,,,,,
634,00/06-35-060-18W5/0,8/1/1976 00:00:00,2084.83,2069.59,,,,,,,,,,,,,,
635,00/06-35-060-18W5/0,10/16/1976 00:00:00,2783.4,2749.3,,,,,,,,,,,,,,
636,00/06-35-060-18W5/0,10/27/1976 00:00:00,1823.92,1814.78,,,,,,,,,,,,,,
637,00/06-35-060-18W5/0,8/23/1980 00:00:00,1916.0,1892.0,,,,,,,,,,,,,,
638,00/06-35-060-18W5/0,8/24/1982 00:00:00,1823.9,1814.8,,,,,,,,,,,,,,
639,00/06-35-060-18W5/0,10/12/1982 00:00:00,1916.0,1892.0,,,,,,,,,,,,,,
640,00/06-35-060-18W5/0,6/24/2004 00:00:00,2073.5,2069.5,,,,,,,,,,,,,,
641,00/06-35-060-18W5/0,8/23/1980 00:00:00,1823.9,1814.8,10.57,3.86,4.26,4.73,67.19,0.12,,,,1.74,2.36,0.56,2.8,1.81
642,00/10-06-061-17W5/0,11/14/1976 00:00:00,3191.5,3176.0,,,,,,,,,,,,,,
643,00/10-02-059-18W5/0,8/7/1968 00:00:00,3336.0,3326.9,,,,,,,,,,,,,,
644,00/10-02-059-18W5/0,8/9/1968 00:00:00,3354.3,3345.2,,,,,,,,,,,,,,
645,00/10-02-059-18W5/0,2/22/1969 00:00:00,3272.9,3240.0,,,,,,,,,,,,,,
646,00/10-02-059-18W5/0,3/25/1969 00:00:00,3385.7,3272.94,,,,,,,,,,,,,,
647,00/10-02-059-18W5/0,8/15/1988 00:00:00,3272.9,3240.0,,,,,,,,,,,,,,
648,00/10-02-059-18W5/0,8/16/1988 00:00:00,3272.9,3240.0,,,,,,,,,,,,,,
649,00/10-02-059-18W5/0,8/17/1988 00:00:00,3272.9,3240.0,,,,,,,,,,,,,,
650,00/10-02-059-18W5/0,12/16/2005 00:00:00,3272.9,3240.0,,,,,,,,,,,,,,
651,00/10-02-059-18W5/0,12/19/2008 00:00:00,3272.9,3240.0,,,,,,,,,,,,,,
652,00/10-02-059-18W5/0,6/2/2009 00:00:00,3272.9,3240.0,,,,,,,,,,,,,,
653,00/10-02-059-18W5/0,7/15/2010 00:00:00,3272.9,3240.0,,,,,,,,,,,,,,
654,00/10-02-059-18W5/0,11/16/2011 00:00:00,3272.9,3240.0,,,,,,,,,,,,,,
655,00/10-02-059-18W5/0,4/20/2012 00:00:00,3272.9,3240.0,,,,,,,,,,,,,,
656,00/10-02-059-18W5/0,5/11/2012 00:00:00,3272.9,3240.0,,,,,,,,,,,,,,
657,00/10-02-059-18W5/0,9/30/1968 00:00:00,3272.9,3240.0,13.01,6.04,5.57,8.45,29.53,1.46,,20.75,,2.47,3.44,0.16,5.32,3.8
658,00/10-02-059-18W5/0,8/4/1968 00:00:00,3314.7,3311.7,33.51,8.29,5.69,3.68,12.74,3.12,,24.69,,1.74,1.62,0.17,3.11,1.64
659,00/10-02-059-18W5/0,6/21/1984 00:00:00,3272.9,3240.0,22.64,7.34,5.05,3.79,23.38,1.66,,23.42,,2.0,2.53,0.59,4.47,3.13
660,00/16-16-037-25W4/0,2/2/1960 00:00:00,2078.43,2066.24,,,,,,,,,,,,,,
661,00/16-16-037-25W4/0,2/5/1960 00:00:00,2078.4,2066.2,,,,,,,,,,,,,,
662,00/09-22-063-15W5/0,3/28/1980 00:00:00,1839.7,1837.3,23.93,5.81,5.35,2.96,51.39,1.62,,0.67,,1.14,1.4,0.01,3.41,2.31
663,00/06-08-052-17W5/0,2/23/1978 00:00:00,2823.4,2816.0,,,,,,,,,,,,,,
664,00/06-08-052-17W5/0,5/30/1978 00:00:00,2435.35,2423.16,,,,,,,,,,,,,,
665,00/06-08-052-17W5/0,4/27/1979 00:00:00,2823.5,2815.9,,,,,,,,,,,,,,
666,00/06-08-052-17W5/0,8/17/1984 00:00:00,2816.9,2809.6,,,,,,,,,,,,,,
667,00/06-08-052-17W5/0,7/3/2008 00:00:00,2817.0,2809.6,,,,,,,,,,,,,,
668,00/06-08-052-17W5/0,8/25/2011 00:00:00,2816.9,2809.6,,,,,,,,,,,,,,
669,00/10-12-054-18W5/0,9/19/1969 00:00:00,1911.1,1867.2,,,,,,,,,,,,,,
670,00/10-12-054-18W5/0,10/6/1969 00:00:00,2670.05,2663.95,,,,,,,,,,,,,,
671,00/10-12-054-18W5/0,10/15/1969 00:00:00,2670.05,2663.95,,,,,,,,,,,,,,
672,00/04-19-039-05W5/0,2/22/2002 00:00:00,2359.2,2354.3,,,,,,,,,,,,,,
673,00/04-19-039-05W5/0,3/5/2003 00:00:00,2359.2,2354.3,,,,,,,,,,,,,,
674,00/04-19-039-05W5/0,3/31/2004 00:00:00,2249.4,2164.1,,,,,,,,,,,,,,
675,00/04-19-039-05W5/0,3/18/2005 00:00:00,2359.2,2354.3,,,,,,,,,,,,,,
676,00/04-19-039-05W5/0,5/30/2006 00:00:00,2359.2,2354.3,,,,,,,,,,,,,,
677,00/04-19-039-05W5/0,11/10/2000 00:00:00,2359.2,2354.3,3.07,2.87,6.97,12.74,52.15,0.06,,,,2.24,5.22,0.01,7.98,6.69
678,00/04-19-039-05W5/0,5/3/1979 00:00:00,2359.1,2354.2,7.04,5.14,8.41,61.88,,0.32,,,,3.14,3.79,0.01,6.41,3.86
679,00/07-15-055-18W5/0,7/16/1968 00:00:00,2642.3,2575.0,,,,,,,,,,,,,,
680,00/07-15-055-18W5/0,7/16/1968 00:00:00,2642.31,2574.95,,,,,,,,,,,,,,
681,00/07-15-055-18W5/0,7/20/1968 00:00:00,2560.32,2520.7,,,,,,,,,,,,,,
682,00/07-15-055-18W5/0,9/21/1968 00:00:00,3638.09,3615.23,,,,,,,,,,,,,,
683,00/07-15-055-18W5/0,11/5/1968 00:00:00,2582.27,2579.22,,,,,,,,,,,,,,
684,00/07-15-055-18W5/0,1/17/2002 00:00:00,2583.5,2577.0,,,,,,,,,,,,,,
685,00/07-15-055-18W5/0,11/5/1968 00:00:00,2582.3,2579.2,16.51,1.56,1.31,5.07,66.58,1.71,,2.9,,0.68,1.18,0.06,1.12,1.32
686,00/07-15-055-18W5/0,3/12/1982 00:00:00,2582.0,2579.9,21.09,2.52,1.9,4.16,57.07,3.03,,4.0,,0.74,1.31,0.23,1.9,2.05
687,00/12-28-063-16W5/0,2/18/1966 00:00:00,2959.61,2926.08,,,,,,,,,,,,,,
688,00/06-16-055-18W5/0,6/29/1960 00:00:00,3302.5,3300.4,,,,,,,,,,,,,,
689,00/06-16-055-18W5/0,6/29/1960 00:00:00,3302.51,3300.37,,,,,,,,,,,,,,
690,00/06-16-055-18W5/0,7/12/1960 00:00:00,3302.5,3300.4,,,,,,,,,,,,,,
691,00/06-16-055-18W5/0,7/12/1960 00:00:00,3302.51,3300.37,,,,,,,,,,,,,,
692,00/06-16-055-18W5/0,7/29/2014 00:00:00,976.6,972.0,,,,,,,,,,,,,,
693,00/15-04-065-12W5/0,11/10/1976 00:00:00,2734.67,2731.62,,,,,,,,,,,,,,
694,00/15-04-065-12W5/0,10/22/2001 00:00:00,2704.5,2701.0,,,,,,,,,,,,,,
695,00/10-27-051-17W5/0,1/5/1958 00:00:00,2850.5,2846.8,,,,,,,,,,,,,,
696,00/10-27-051-17W5/0,9/13/1971 00:00:00,2850.5,2846.8,,,,,,,,,,,,,,
697,00/10-21-062-15W5/0,7/25/1976 00:00:00,1885.19,1857.45,,,,,,,,,,,,,,
698,00/10-09-058-16W5/0,3/10/1977 00:00:00,1914.14,1894.33,,,,,,,,,,,,,,
699,00/10-09-058-16W5/0,3/16/1977 00:00:00,2177.8,2168.96,,,,,,,,,,,,,,
700,00/10-09-058-16W5/0,4/12/1977 00:00:00,3139.4,3110.8,,,,,,,,,,,,,,
701,00/10-09-058-16W5/0,4/16/1977 00:00:00,1792.22,1740.1,,,,,,,,,,,,,,
702,00/06-20-050-15W5/0,7/13/1978 00:00:00,3323.2,3261.9,,,,,,,,,,,,,,
703,00/06-20-050-15W5/0,7/13/1979 00:00:00,3323.23,3261.97,,,,,,,,,,,,,,
704,00/06-20-050-15W5/0,1/12/1996 00:00:00,2714.9,2711.9,,,,,,,,,,,,,,
705,00/04-31-065-09W5/0,1/28/1960 00:00:00,2520.09,2505.46,,,,,,,,,,,,,,
706,00/14-32-064-12W5/0,11/15/1977 00:00:00,2747.47,2737.1,,,,,,,,,,,,,,
707,00/14-32-064-12W5/0,11/25/1984 00:00:00,2746.7,2739.7,,,,,,,,,,,,,,
708,00/14-32-064-12W5/0,4/18/2000 00:00:00,2746.9,2739.8,,,,,,,,,,,,,,
709,00/11-01-059-18W5/0,10/3/1968 00:00:00,2405.5,2398.8,,,,,,,,,,,,,,
710,00/11-01-059-18W5/0,10/31/1968 00:00:00,3404.6,3395.5,,,,,,,,,,,,,,
711,00/11-01-059-18W5/0,12/16/2005 00:00:00,3347.3,3339.1,,,,,,,,,,,,,,
712,00/11-01-059-18W5/0,3/7/1970 00:00:00,3357.1,3333.0,1.02,1.7,3.28,12.42,57.22,0.24,,7.91,,2.12,4.13,,5.23,4.73
713,00/11-01-059-18W5/0,3/7/1970 00:00:00,3357.1,3333.0,20.2,6.92,5.27,5.91,24.04,2.1,,23.84,,2.09,2.22,0.33,4.27,2.81
714,00/11-01-059-18W5/0,6/30/2009 00:00:00,3347.3,3339.1,3.58,2.76,3.73,7.14,61.22,0.55,0.0,7.38,0.0,1.97,3.13,0.01,4.65,3.88
715,00/10-15-059-18W5/0,3/27/1970 00:00:00,3377.8,3365.0,,,,,,,,,,,,,,
716,00/10-15-059-18W5/0,7/8/1988 00:00:00,3377.8,3364.9,,,,,,,,,,,,,,
717,00/10-15-059-18W5/0,7/9/1988 00:00:00,3377.8,3364.9,,,,,,,,,,,,,,
718,00/10-15-059-18W5/0,10/10/2007 00:00:00,3377.8,3365.0,,,,,,,,,,,,,,
719,00/10-15-059-18W5/0,12/8/2008 00:00:00,3377.8,3365.0,,,,,,,,,,,,,,
720,00/10-15-059-18W5/0,4/20/2012 00:00:00,3377.8,3365.0,,,,,,,,,,,,,,
721,00/10-15-059-18W5/0,10/29/1968 00:00:00,3423.5,3416.8,,,1.54,12.62,66.83,,,0.25,,1.7,4.91,,5.31,6.84
722,00/10-15-059-18W5/0,8/27/1984 00:00:00,3377.8,3364.9,20.9,7.72,5.34,3.99,24.47,1.66,,22.73,,2.11,2.64,0.43,4.76,3.25
723,00/10-15-059-18W5/0,8/10/2017 00:00:00,3377.8,3365.0,1.78,1.34,1.9,9.67,70.17,0.25,0.0,3.35,0.0,1.24,2.99,0.0,3.24,4.07
724,00/10-15-059-18W5/0,6/2/2009 00:00:00,3377.8,3365.0,2.45,1.29,1.44,8.81,77.06,0.22,0.0,1.57,0.0,0.78,1.84,0.01,1.9,2.63
725,00/10-15-059-18W5/0,7/20/2010 00:00:00,3377.8,3365.0,1.91,1.19,1.44,6.89,78.69,0.24,0.0,2.49,0.0,0.81,1.85,0.01,1.92,2.56
726,00/10-15-059-18W5/0,10/26/2016 00:00:00,3377.8,3365.0,1.64,1.52,2.27,10.77,66.64,0.26,0.0,3.61,0.0,1.47,3.39,0.01,3.8,4.62
727,00/10-15-059-18W5/0,9/27/2014 00:00:00,3377.8,3365.0,1.53,1.31,1.93,10.49,68.36,0.23,0.0,3.55,0.0,1.32,3.25,0.03,3.58,4.42
728,00/10-34-058-18W5/0,9/28/1968 00:00:00,2427.4,2421.3,,,,,,,,,,,,,,
729,00/10-34-058-18W5/0,11/28/1968 00:00:00,3360.1,3344.9,,,,,,,,,,,,,,
730,00/10-34-058-18W5/0,11/29/1968 00:00:00,3360.1,3344.9,,,,,,,,,,,,,,
731,00/10-34-058-18W5/0,8/20/1988 00:00:00,3360.1,3344.9,,,,,,,,,,,,,,
732,00/10-34-058-18W5/0,8/21/1990 00:00:00,3360.1,3344.9,,,,,,,,,,,,,,
733,00/10-34-058-18W5/0,5/15/1984 00:00:00,3360.1,3344.9,16.03,6.59,4.97,5.26,33.59,1.08,,18.71,,2.13,2.79,0.3,4.95,3.6
734,00/06-31-047-13W5/0,1/31/1988 00:00:00,1743.0,1724.0,,,,,,,,,,,,,,
735,00/06-31-047-13W5/0,8/16/2003 00:00:00,3430.2,3424.1,,,,,,,,,,,,,,
736,00/04-07-065-12W5/0,2/28/2013 00:00:00,2765.5,2762.4,,,,,,,,,,,,,,
737,00/04-07-065-12W5/0,6/10/2013 00:00:00,2765.5,2762.4,,,,,,,,,,,,,,
738,00/04-07-065-12W5/0,8/14/2015 00:00:00,2765.5,2762.4,,,,,,,,,,,,,,
739,00/02-20-061-07W6/0,7/8/1975 00:00:00,3611.27,3535.68,,,,,,,,,,,,,,
740,00/10-19-058-18W5/0,4/19/1969 00:00:00,3441.2,3432.0,,,,,,,,,,,,,,
741,00/10-19-058-18W5/0,4/25/1969 00:00:00,3436.0,3422.9,,,,,,,,,,,,,,
742,00/10-19-058-18W5/0,3/16/1970 00:00:00,3433.3,3430.8,11.71,5.59,5.45,7.9,31.67,1.25,,21.81,,2.62,3.17,0.21,5.09,3.53
743,00/06-09-059-18W5/0,6/18/1968 00:00:00,3440.28,3433.27,,,,,,,,,,,,,,
744,00/06-09-059-18W5/0,7/2/1968 00:00:00,3440.3,3433.3,,,,,,,,,,,,,,
745,00/06-09-059-18W5/0,7/20/1968 00:00:00,3439.7,3435.1,,,,,,,,,,,,,,
746,00/06-09-059-18W5/0,7/24/1968 00:00:00,3440.3,3433.3,,,,,,,,,,,,,,
747,00/06-09-059-18W5/0,7/2/1970 00:00:00,3432.0,3421.1,,,,,,,,,,,,,,
748,00/06-09-059-18W5/0,7/2/1970 00:00:00,3469.2,3438.1,,,,,,,,,,,,,,
749,00/06-09-059-18W5/0,7/5/1970 00:00:00,3432.0,3421.1,,,,,,,,,,,,,,
750,00/06-09-059-18W5/0,4/12/2007 00:00:00,3469.2,3421.1,,,,,,,,,,,,,,
751,00/06-09-059-18W5/0,11/21/2008 00:00:00,3469.2,3421.1,,,,,,,,,,,,,,
752,00/02-32-064-14W5/0,3/11/1966 00:00:00,1850.14,1839.47,,,,,,,,,,,,,,
753,00/11-22-043-13W5/0,10/24/1970 00:00:00,3310.7,3305.9,,,,,,,,,,,,,,
754,00/11-22-043-13W5/0,10/24/1970 00:00:00,3310.74,3305.86,,,,,,,,,,,,,,
755,00/11-22-043-13W5/0,10/29/1970 00:00:00,3300.37,3294.28,,,,,,,,,,,,,,
756,00/06-07-060-22W5/0,10/28/1976 00:00:00,1850.14,1807.46,,,,,,,,,,,,,,
757,00/06-07-060-22W5/0,8/1/1977 00:00:00,3959.4,463.6,,,,,,,,,,,,,,
758,00/06-07-060-22W5/0,2/27/1977 00:00:00,2133.0,2122.6,0.27,1.51,5.81,10.59,56.88,0.06,,,,4.11,6.39,0.02,7.73,6.63
759,00/06-28-047-14W5/0,6/15/1988 00:00:00,1939.0,1925.0,,,,,,,,,,,,,,
760,00/15-10-049-19W5/0,6/24/1972 00:00:00,4526.28,4468.37,,,,,,,,,,,,,,
761,00/15-10-049-19W5/0,6/27/1972 00:00:00,2556.36,2550.26,,,,,,,,,,,,,,
762,00/07-21-039-10W5/0,9/23/1970 00:00:00,3030.32,3023.62,,,,,,,,,,,,,,
763,00/07-21-039-10W5/0,4/22/1971 00:00:00,3030.3,3023.6,,,,,,,,,,,,,,
764,00/07-21-039-10W5/0,4/22/1971 00:00:00,3030.32,3023.62,,,,,,,,,,,,,,
765,00/07-21-039-10W5/0,4/23/1971 00:00:00,3030.32,3023.62,,,,,,,,,,,,,,
766,00/07-21-039-10W5/0,4/10/1980 00:00:00,3030.3,3023.6,,,,,,,,,,,,,,
767,00/07-21-039-10W5/0,11/12/1981 00:00:00,3030.3,3023.6,,,,,,,,,,,,,,
768,00/07-21-039-10W5/0,11/4/1985 00:00:00,3030.32,3023.62,,,,,,,,,,,,,,
769,00/07-21-039-10W5/0,11/12/1981 00:00:00,3030.3,3023.6,14.57,16.03,17.78,6.5,19.97,0.5,,,,4.38,4.61,0.11,10.44,5.11
770,00/07-25-040-12W5/0,1/7/1971 00:00:00,3500.63,3474.72,,,,,,,,,,,,,,
771,02/06-15-047-16W5/0,8/6/1962 00:00:00,4248.91,4246.17,,,,,,,,,,,,,,
772,02/06-15-047-16W5/0,8/13/1962 00:00:00,4248.9,4246.2,,,,,,,,,,,,,,
773,00/10-11-057-18W5/0,2/25/1977 00:00:00,2014.73,1993.39,,,,,,,,,,,,,,
774,00/10-11-057-18W5/0,3/6/1977 00:00:00,2632.86,2626.16,,,,,,,,,,,,,,
775,00/10-11-057-18W5/0,3/28/1977 00:00:00,3737.5,3728.3,,,,,,,,,,,,,,
776,00/10-11-057-18W5/0,3/31/1977 00:00:00,3744.47,3733.8,,,,,,,,,,,,,,
777,00/11-20-042-13W5/0,6/7/1970 00:00:00,3655.16,3652.11,,,,,,,,,,,,,,
778,00/11-20-042-13W5/0,6/9/1970 00:00:00,3655.16,3652.11,,,,,,,,,,,,,,
779,00/11-20-042-13W5/0,6/10/1970 00:00:00,3538.12,3535.07,,,,,,,,,,,,,,
780,00/11-20-042-13W5/0,6/10/1970 00:00:00,3655.2,3652.1,,,,,,,,,,,,,,
781,00/11-20-042-13W5/0,6/11/1970 00:00:00,3655.2,3652.1,,,,,,,,,,,,,,
782,00/11-20-042-13W5/0,6/12/1970 00:00:00,3538.12,3535.07,,,,,,,,,,,,,,
783,00/11-20-042-13W5/0,6/19/1970 00:00:00,3655.16,3652.11,,,,,,,,,,,,,,
784,00/11-20-042-13W5/0,6/20/1970 00:00:00,3655.16,3652.11,,,,,,,,,,,,,,
785,00/11-20-042-13W5/0,6/20/1970 00:00:00,3655.2,3652.1,,,,,,,,,,,,,,
786,00/11-20-042-13W5/0,6/22/1970 00:00:00,3655.2,3652.1,,,,,,,,,,,,,,
787,00/11-20-042-13W5/0,2/5/2008 00:00:00,3540.0,3533.0,,,,,,,,,,,,,,
788,00/11-20-042-13W5/0,2/25/2008 00:00:00,3433.0,3293.0,,,,,,,,,,,,,,
789,00/04-21-038-12W5/0,10/24/1973 00:00:00,4204.41,4023.36,,,,,,,,,,,,,,
790,00/04-21-038-12W5/0,11/7/1973 00:00:00,4209.29,4174.54,,,,,,,,,,,,,,
